Gc_kg_s,eta_ex_system,Power_total_W,T_water_mix_K,total_mdot_water_kg_s,warnings,Gc_norm_s1,n_s1,eta_s1,eps_s1,Pin_s1_bar,Pout_s1_bar,PR_s1,Tin_s1_K,Tout_s1_K,Power_s1_W,T_water_out_s1_K,H_water_s1_Jperkg,T_air_out_intercooler_s1_K,Gc_norm_s2,n_s2,eta_s2,eps_s2,Pin_s2_bar,Pout_s2_bar,PR_s2,Tin_s2_K,Tout_s2_K,Power_s2_W,T_water_out_s2_K,H_water_s2_Jperkg,T_air_out_intercooler_s2_K,Gc_norm_s3,n_s3,eta_s3,eps_s3,Pin_s3_bar,Pout_s3_bar,PR_s3,Tin_s3_K,Tout_s3_K,Power_s3_W,T_water_out_s3_K,H_water_s3_Jperkg,T_air_out_intercooler_s3_K,Gc_norm_s4,n_s4,eta_s4,eps_s4,Pin_s4_bar,Pout_s4_bar,PR_s4,Tin_s4_K,Tout_s4_K,Power_s4_W,T_water_out_s4_K,H_water_s4_Jperkg,T_air_out_intercooler_s4_K,Optimization_Success,Status,opt_n_stage1
13.5,0.842979,8139677.976,,,Success,1.331624,1.094847,0.811247,4.052166,1.01325,3.751213,3.70216,298,477.06969,2448214.118,460.569853,795946.4812,307.395512,1.08588,1,0.834746,3.137174,3.751213,11.476922,3.059523,307.395512,448.919217,1930976.656,436.019855,688261.4247,306.529576,1.123588,1,0.829837,3.074709,11.476922,34.987222,3.048485,306.529576,446.094527,1902561.65,437.330141,693953.7609,305.392085,1.182989,1,0.819901,2.952972,34.987222,103,2.943932,305.392085,441.183856,1857925.553,437.734316,695710.7583,307.845094,TRUE,Success,1.094847
13.45,0.843296,8104130.814,,,Success,1.326692,1.093315,0.811881,4.038396,1.01325,3.739882,3.690977,298,476.410861,2430055.758,459.999453,793417.0082,307.350003,1.085056,1,0.834838,3.138411,3.739882,11.447322,3.060877,307.350003,448.894207,1924096.811,436.011618,688225.6566,306.509259,1.122284,1,0.830027,3.077062,11.447322,34.92461,3.050898,306.509259,446.142991,1896448.931,437.384311,694189.2122,305.37627,1.18069,1,0.820327,2.958215,34.92461,103,2.94921,305.37627,441.351186,1853529.313,437.904614,696451.2261,307.841173,TRUE,Success,1.093315
13.4,0.843612,8068644.311,,,Success,1.32176,1.091785,0.812512,4.024657,1.01325,3.728574,3.679817,298,475.753475,2411985.94,459.430099,790893.6303,307.304535,1.084221,1,0.834931,3.139659,3.728574,11.417806,3.062245,307.304535,448.869628,1917220.284,436.003804,688191.7276,306.488935,1.120965,1,0.830218,3.079427,11.417806,34.862267,3.053324,306.488935,446.191808,1890334.222,437.438853,694426.2922,305.360445,1.178373,1,0.820753,2.963454,34.862267,103,2.954484,305.360445,441.517723,1849103.864,438.074184,697188.6192,307.837173,TRUE,Success,1.091785
13.35,0.843928,8033218.626,,,Success,1.316828,1.090258,0.813141,4.010951,1.01325,3.717289,3.668679,298,475.097565,2394004.854,458.861825,788376.4659,307.259111,1.083374,1,0.835025,3.140918,3.717289,11.388378,3.063624,307.259111,448.845488,1910347.106,435.996422,688159.6751,306.468604,1.119631,1,0.83041,3.081804,11.388378,34.800198,3.055764,306.468604,446.240979,1884217.486,437.493769,694665.0093,305.34461,1.17604,1,0.821178,2.968688,34.800198,103,2.959753,305.34461,441.683455,1844649.18,438.243014,697922.8907,307.833092,TRUE,Success,1.090258
13.3,0.844245,7997853.929,,,Success,1.311896,1.088733,0.813767,3.997278,1.01325,3.706028,3.657565,298,474.443163,2376112.701,458.29466,785865.6373,307.213733,1.082516,1,0.835119,3.142188,3.706028,11.359038,3.065017,307.213733,448.821796,1903477.306,435.989482,688129.5372,306.448266,1.118282,1,0.830603,3.084195,11.359038,34.738409,3.058218,306.448266,446.290507,1878098.686,437.549062,694905.3721,305.328765,1.173689,1,0.821604,2.973917,34.738409,103,2.965018,305.328765,441.848372,1840165.236,438.411094,698653.9936,307.828931,TRUE,Success,1.088733
13.25,0.844561,7962550.4,,,Success,1.306964,1.08721,0.81439,3.983639,1.01325,3.694791,3.646475,298,473.790303,2358309.686,457.728639,783361.2705,307.168404,1.081647,1,0.835214,3.143469,3.694791,11.329788,3.066422,307.168404,448.798562,1896610.918,435.982991,688101.3525,306.427922,1.116917,1,0.830796,3.086598,11.329788,34.676903,3.060684,306.427922,446.340391,1871977.784,437.604733,695147.389,305.312909,1.17132,1,0.82203,2.97914,34.676903,103,2.970277,305.312909,442.012461,1835652.013,438.578414,699381.8814,307.82469,TRUE,Success,1.08721
13.2,0.844878,7927308.229,,,Success,1.302032,1.08569,0.81501,3.970034,1.01325,3.683579,3.63541,298,473.13902,2340596.022,457.163796,780863.496,307.123126,1.080765,1,0.835309,3.144761,3.683579,11.300631,3.06784,307.123126,448.775796,1889747.972,435.976959,688075.1607,306.407572,1.115536,1,0.83099,3.089014,11.300631,34.615686,3.063164,306.407572,446.390635,1865854.742,437.660784,695391.0687,305.297044,1.168933,1,0.822456,2.984357,34.615686,103,2.97553,305.297044,442.175713,1831109.493,438.744962,700106.5076,307.820367,TRUE,Success,1.08569
13.15,0.845195,7892127.62,,,Success,1.2971,1.084172,0.815627,3.956463,1.01325,3.672393,3.62437,298,472.489349,2322971.931,456.600164,778372.4485,307.077903,1.079872,1,0.835405,3.146065,3.672393,11.271567,3.069271,307.077903,448.753507,1882888.503,435.971395,688051.0019,306.387215,1.114139,1,0.831184,3.091443,11.271567,34.554763,3.065657,306.387215,446.441239,1859729.523,437.717218,695636.4201,305.281169,1.166528,1,0.822882,2.989566,34.554763,103,2.980776,305.281169,442.338116,1826537.663,438.91073,700827.826,307.815964,TRUE,Success,1.084172
13.1,0.845511,7857008.785,,,Success,1.292168,1.082657,0.816241,3.942928,1.01325,3.661232,3.613355,298,471.841329,2305437.64,456.037781,775888.2671,307.032736,1.078965,1,0.835501,3.14738,3.661232,11.2426,3.070715,307.032736,448.731705,1876032.542,435.966309,688028.9173,306.366853,1.112725,1,0.831379,3.093884,11.2426,34.494139,3.068164,306.366853,446.492205,1853602.09,437.774035,695883.4519,305.265284,1.164105,1,0.823307,2.994769,34.494139,103,2.986015,305.265284,442.499659,1821936.513,439.075706,701545.791,307.811481,TRUE,Success,1.082657
13.05,0.845828,7821951.954,,,Success,1.287236,1.081145,0.816851,3.929429,1.01325,3.650098,3.602367,298,471.194997,2287993.388,455.476683,773411.0959,306.987628,1.078047,1,0.835597,3.148707,3.650098,11.213731,3.072172,306.987628,448.710401,1869180.124,435.96171,688008.9488,306.346485,1.111295,1,0.831575,3.096337,11.213731,34.433819,3.070683,306.346485,446.543535,1847472.405,437.831239,696132.1732,305.249389,1.161663,1,0.823732,2.999963,34.433819,103,2.991245,305.249389,442.660332,1817306.038,439.23988,702260.3571,307.806916,TRUE,Success,1.081145
13,0.846144,7786957.367,,,Success,1.282304,1.079635,0.817459,3.915966,1.01325,3.638992,3.591406,298,470.550392,2270639.419,454.916909,770941.0835,306.942583,1.077115,1,0.835694,3.150046,3.638992,11.184963,3.073643,306.942583,448.689604,1862331.283,435.957608,687991.1392,306.326111,1.109847,1,0.831771,3.098803,11.184963,34.373808,3.073216,306.326111,446.595229,1841340.43,437.88883,696382.5931,305.233484,1.159202,1,0.824156,3.005148,34.373808,103,2.996468,305.233484,442.820125,1812646.235,439.403243,702971.4795,307.80227,TRUE,Success,1.079635
12.95,0.84646,7752025.278,,,Success,1.277372,1.078128,0.818062,3.90254,1.01325,3.627913,3.580472,298,469.907557,2253375.988,454.358497,768478.3837,306.897602,1.07617,1,0.835792,3.151397,3.627913,11.156296,3.075128,306.897602,448.669325,1855486.056,435.954014,687975.532,306.305731,1.108383,1,0.831968,3.101282,11.156296,34.314112,3.075762,306.305731,446.64729,1835206.127,437.946812,696634.721,305.21757,1.156722,1,0.82458,3.010324,34.314112,103,3.00168,305.21757,442.979026,1807957.107,439.565784,703679.1138,307.797543,TRUE,Success,1.078128
12.9,0.846776,7717155.956,,,Success,1.27244,1.076623,0.818662,3.889152,1.01325,3.616863,3.569566,298,469.266532,2236203.358,453.801488,766023.1555,306.852688,1.075211,1,0.83589,3.152759,3.616863,11.127735,3.076626,306.852688,448.649575,1848644.478,435.950937,687962.1719,306.285347,1.1069,1,0.832165,3.103772,11.127735,34.254738,3.078321,306.285347,446.699719,1829069.46,438.005187,696888.5663,305.201646,1.154223,1,0.825003,3.015489,34.254738,103,3.006883,305.201646,443.137026,1803238.66,439.727493,704383.2163,307.792735,TRUE,Success,1.076623
12.85,0.847092,7682349.687,,,Success,1.267508,1.075121,0.819258,3.875803,1.01325,3.605841,3.558689,298,468.627361,2219121.804,453.245925,763575.5636,306.807845,1.074239,1,0.835988,3.154134,3.605841,11.09928,3.078139,306.807845,448.630366,1841806.587,435.948388,687951.1043,306.264958,1.1054,1,0.832363,3.106275,11.09928,34.195689,3.080892,306.264958,446.752518,1822930.391,438.063956,697144.1388,305.185713,1.151705,1,0.825425,3.020644,34.195689,103,3.012076,305.185713,443.294114,1798490.906,439.888362,705083.7441,307.787846,TRUE,Success,1.075121
12.8,0.847407,7647606.771,,,Success,1.262576,1.073622,0.819851,3.862492,1.01325,3.59485,3.547841,298,467.99009,2202131.607,452.691849,761135.7781,306.763075,1.073252,1,0.836087,3.155521,3.59485,11.070935,3.079665,306.763075,448.611707,1834972.42,435.946378,687942.3759,306.244564,1.103881,1,0.832561,3.10879,11.070935,34.136973,3.083477,306.244564,446.805689,1816788.882,438.123121,697401.4485,305.16977,1.149167,1,0.825847,3.025787,34.136973,103,3.017256,305.16977,443.45028,1793713.861,440.048379,705780.6548,307.782875,TRUE,Success,1.073622
12.75,0.847722,7612927.524,,,Success,1.257645,1.072125,0.820439,3.849221,1.01325,3.58389,3.537024,298,467.354764,2185233.062,452.139307,758703.9753,306.718381,1.072251,1,0.836186,3.15692,3.58389,11.042702,3.081206,306.718381,448.593611,1828142.017,435.944917,687936.0342,306.224165,1.102344,1,0.83276,3.111316,11.042702,34.078595,3.086074,306.224165,446.859233,1810644.898,438.182686,697660.5055,305.153818,1.146609,1,0.826267,3.030918,34.078595,103,3.022425,305.153818,443.605515,1788907.548,440.207538,706473.9072,307.777823,TRUE,Success,1.072125
12.7,0.848036,7578312.283,,,Success,1.252713,1.070632,0.821023,3.835991,1.01325,3.572961,3.526238,298,466.721433,2168426.473,451.588343,756280.3375,306.673766,1.071236,1,0.836285,3.158332,3.572961,11.014583,3.082761,306.673766,448.57609,1821315.417,435.944017,687932.1279,306.203762,1.100787,1,0.832958,3.113855,11.014583,34.020562,3.088684,306.203762,446.913152,1804498.402,438.242653,697921.3204,305.137857,1.144031,1,0.826686,3.036036,34.020562,103,3.027581,305.137857,443.75981,1784071.991,440.365827,707163.4607,307.772689,TRUE,Success,1.070632
12.65,0.84835,7543761.402,,,Success,1.247781,1.069141,0.821603,3.822803,1.01325,3.562063,3.515483,298,466.090145,2151712.157,451.039005,753865.0536,306.629233,1.070205,1,0.836385,3.159756,3.562063,10.986581,3.08433,306.629233,448.559155,1814492.661,435.94369,687930.7067,306.183355,1.099211,1,0.833157,3.116405,10.986581,33.962881,3.091306,306.183355,446.967448,1798349.358,438.303023,698183.904,305.121886,1.141432,1,0.827103,3.041139,33.962881,103,3.032723,305.121886,443.913154,1779207.225,440.523239,707849.2762,307.767475,TRUE,Success,1.069141
12.6,0.848664,7509275.252,,,Success,1.242849,1.067653,0.822178,3.809656,1.01325,3.551199,3.504761,298,465.460952,2135090.441,450.491342,751458.3193,306.584785,1.069158,1,0.836485,3.161193,3.551199,10.958698,3.085915,306.584785,448.54282,1807673.792,435.943947,687931.8217,306.162944,1.097616,1,0.833356,3.118966,10.958698,33.905556,3.09394,306.162944,447.022123,1792197.732,438.3638,698448.2676,305.105907,1.138813,1,0.827519,3.046228,33.905556,103,3.03785,305.105907,444.06554,1774313.288,440.679765,708531.3153,307.762178,TRUE,Success,1.067653
12.55,0.848976,7474854.228,,,Success,1.237917,1.066168,0.822749,3.796552,1.01325,3.540369,3.494073,298,464.833907,2118561.664,449.945405,749060.3371,306.540425,1.068096,1,0.836586,3.162642,3.540369,10.930938,3.087514,306.540425,448.527095,1800858.853,435.9448,687935.525,306.142529,1.096,1,0.833555,3.121539,10.930938,33.848597,3.096587,306.142529,447.077179,1786043.488,438.424986,698714.4228,305.089918,1.136173,1,0.827934,3.051301,33.848597,103,3.042962,305.089918,444.216958,1769390.223,440.835397,709209.5413,307.756801,TRUE,Success,1.066168
12.5,0.849289,7440498.746,,,Success,1.232985,1.064686,0.823315,3.783493,1.01325,3.529574,3.483418,298,464.209065,2102126.181,449.401246,746671.3171,306.496156,1.067017,1,0.836686,3.164104,3.529574,10.903303,3.089127,306.496156,448.511995,1794047.889,435.946261,687941.8702,306.122111,1.094364,1,0.833754,3.124123,10.903303,33.792008,3.099245,306.122111,447.132618,1779886.594,438.486583,698982.3815,305.073921,1.133511,1,0.828346,3.056358,33.792008,103,3.048058,305.073921,444.367401,1764438.082,440.990127,709883.9186,307.751342,TRUE,Success,1.064686
12.45,0.8496,7406209.243,,,Success,1.228053,1.063208,0.823876,3.770478,1.01325,3.518814,3.472799,298,463.586484,2085784.358,448.85892,744291.4769,306.451983,1.065922,1,0.836787,3.16558,3.518814,10.875796,3.090756,306.451983,448.497533,1787240.945,435.948343,687950.9121,306.10169,1.092707,1,0.833954,3.126718,10.875796,33.735797,3.101915,306.10169,447.188442,1773727.016,438.548595,699252.1565,305.057916,1.130829,1,0.828757,3.061397,33.735797,103,3.053137,305.057916,444.516859,1759456.924,441.143948,710554.4133,307.745801,TRUE,Success,1.063208
12.4,0.849911,7371986.18,,,Success,1.223121,1.061732,0.824432,3.757508,1.01325,3.50809,3.462216,298,462.966223,2069536.575,448.318482,741921.0424,306.407907,1.06481,1,0.836888,3.167068,3.50809,10.84842,3.0924,306.407907,448.483722,1780438.069,435.95106,687962.707,306.081266,1.091028,1,0.834153,3.129324,10.84842,33.679973,3.104597,306.081266,447.244653,1767564.723,438.611025,699523.7608,305.041902,1.128125,1,0.829165,3.066419,33.679973,103,3.058197,305.041902,444.665327,1754446.812,441.296852,711220.9932,307.74018,TRUE,Success,1.061732
12.35,0.85022,7337830.044,,,Success,1.218189,1.06026,0.824982,3.744585,1.01325,3.497404,3.451669,298,462.348342,2053383.228,447.779991,739560.2476,306.363932,1.06368,1,0.836989,3.168569,3.497404,10.821178,3.09406,306.363932,448.470576,1773639.311,435.954424,687977.3125,306.06084,1.089328,1,0.834351,3.13194,10.821178,33.624541,3.10729,306.06084,447.301255,1761399.685,438.673875,699797.208,305.02588,1.125398,1,0.829571,3.071421,33.624541,103,3.063239,305.02588,444.812796,1749407.821,441.448832,711883.6277,307.734477,TRUE,Success,1.06026
12.3,0.850529,7303741.349,,,Success,1.213257,1.058791,0.825527,3.73171,1.01325,3.486756,3.441161,298,461.732904,2037324.728,447.243506,737209.3354,306.320062,1.062533,1,0.837091,3.170083,3.486756,10.794073,3.095735,306.320062,448.458109,1766844.72,435.958448,687994.7879,306.040412,1.087606,1,0.83455,3.134566,10.794073,33.569509,3.109995,306.040412,447.35825,1755231.872,438.737149,700072.5127,305.009849,1.12265,1,0.829974,3.076402,33.569509,103,3.068261,305.009849,444.959261,1744340.029,441.599884,712542.2885,307.728693,TRUE,Success,1.058791
12.25,0.850837,7269720.636,,,Success,1.208325,1.057325,0.826067,3.718883,1.01325,3.476148,3.430691,298,461.119977,2021361.502,446.709089,734868.558,306.276301,1.061367,1,0.837192,3.171611,3.476148,10.76711,3.097426,306.276301,448.446337,1760054.35,435.963148,688015.1942,306.019981,1.085861,1,0.834748,3.137203,10.76711,33.514886,3.11271,306.019981,447.41564,1749061.258,438.800851,700349.69,304.993811,1.119879,1,0.830374,3.081363,33.514886,103,3.073261,304.993811,445.104715,1739243.526,441.75,713196.9492,307.722828,TRUE,Success,1.057325
12.2,0.851144,7235768.473,,,Success,1.203393,1.055863,0.826601,3.706106,1.01325,3.46558,3.420262,298,460.509628,2005493.995,446.176806,732538.1771,306.232651,1.060183,1,0.837293,3.173151,3.46558,10.74029,3.099132,306.232651,448.435274,1753268.254,435.968537,688038.5939,305.999549,1.084093,1,0.834946,3.139849,10.74029,33.460679,3.115435,305.999549,447.473429,1742887.816,438.864983,700628.7557,304.977766,1.117086,1,0.830772,3.086301,33.460679,103,3.07824,304.977766,445.249152,1734118.409,441.899175,713847.5859,307.716882,TRUE,Success,1.055863
12.15,0.851449,7201885.463,,,Success,1.198461,1.054405,0.827128,3.693379,1.01325,3.455054,3.409874,298,459.901928,1989722.667,445.646722,730218.4646,306.189117,1.058979,1,0.837394,3.174705,3.455054,10.713619,3.100854,306.189117,448.424936,1746486.489,435.97463,688065.0515,305.979116,1.082302,1,0.835143,3.142504,10.713619,33.406897,3.118171,305.979116,447.531619,1736711.522,438.92955,700909.7267,304.961712,1.114269,1,0.831166,3.091216,33.406897,103,3.083196,304.961712,445.392568,1728964.785,442.047405,714494.1769,307.710855,TRUE,Success,1.054405
12.1,0.851753,7168072.239,,,Success,1.193529,1.05295,0.82765,3.680704,1.01325,3.444571,3.399527,298,459.296949,1974048,445.118908,727909.7028,306.145702,1.057756,1,0.837496,3.176273,3.444571,10.687099,3.102592,306.145702,448.415339,1739709.114,435.981443,688094.633,305.958682,1.080487,1,0.835339,3.145168,10.687099,33.353548,3.120917,305.958682,447.590214,1730532.355,438.994556,701192.6209,304.945652,1.111429,1,0.831557,3.096107,33.353548,103,3.088127,304.945652,445.534958,1723782.77,442.194687,715136.7035,307.704748,TRUE,Success,1.05295
12.05,0.852056,7134329.468,,,Success,1.188597,1.051499,0.828165,3.668083,1.01325,3.434132,3.389225,298,458.69477,1958470.493,444.593435,725612.1853,306.10241,1.056512,1,0.837597,3.177854,3.434132,10.660734,3.104346,306.10241,448.4065,1732936.19,435.988991,688127.4069,305.938247,1.078647,1,0.835534,3.147841,10.660734,33.300641,3.123673,305.938247,447.649218,1724350.295,439.060005,701477.4572,304.929585,1.108566,1,0.831944,3.100972,33.300641,103,3.093034,304.929585,445.676319,1718572.49,442.341016,715775.1499,307.69856,TRUE,Success,1.051499
12,0.852357,7100657.855,,,Success,1.183665,1.050051,0.828673,3.655515,1.01325,3.423738,3.378967,298,458.095467,1942990.668,444.070377,723326.2172,306.059245,1.055248,1,0.837697,3.179448,3.423738,10.634528,3.106116,306.059245,448.398435,1726167.779,435.99729,688163.4434,305.917812,1.076782,1,0.835729,3.150522,10.634528,33.248184,3.126437,305.917812,447.708634,1718165.327,439.125901,701764.2556,304.913511,1.105679,1,0.832326,3.105811,33.248184,103,3.097914,304.913511,445.816649,1713334.081,442.486389,716409.5033,307.692292,TRUE,Success,1.050051
11.95,0.852657,7067058.141,,,Success,1.178733,1.048608,0.829175,3.643003,1.01325,3.41339,3.368754,298,457.499125,1927609.066,443.549813,721052.1159,306.016211,1.053963,1,0.837798,3.181056,3.41339,10.608485,3.107903,306.016211,448.391162,1719403.948,436.006357,688202.815,305.897377,1.074892,1,0.835922,3.153212,10.608485,33.196187,3.129211,305.897377,447.768467,1711977.435,439.19225,702053.0376,304.89743,1.102767,1,0.832705,3.110622,33.196187,103,3.102766,304.89743,445.955944,1708067.692,442.630806,717039.7545,307.685944,TRUE,Success,1.048608
11.9,0.852954,7033531.109,,,Success,1.173802,1.047169,0.829669,3.630548,1.01325,3.403091,3.358589,298,456.905829,1912326.252,443.031822,718790.2116,305.973313,1.052656,1,0.837898,3.182678,3.403091,10.58261,3.109705,305.973313,448.384698,1712644.766,436.01621,688245.5966,305.876943,1.072976,1,0.836114,3.155908,10.58261,33.14466,3.131993,305.876943,447.828722,1705786.609,439.259056,702343.8261,304.881344,1.099832,1,0.833079,3.115404,33.14466,103,3.10759,304.881344,446.094204,1702773.482,442.774265,717665.8978,307.679516,TRUE,Success,1.047169
11.85,0.85325,7000077.586,,,Success,1.16887,1.045734,0.830157,3.618151,1.01325,3.39284,3.348473,298,456.315667,1897142.816,442.516487,716540.8479,305.930554,1.051326,1,0.837998,3.184313,3.39284,10.556906,3.111525,305.930554,448.379064,1705890.305,436.026865,688291.8655,305.85651,1.071033,1,0.836305,3.158612,10.556906,33.093611,3.134783,305.85651,447.889402,1699592.843,439.326326,702636.6454,304.865252,1.096871,1,0.833448,3.120155,33.093611,103,3.112383,304.865252,446.231429,1697451.622,442.916767,718287.9315,307.673008,TRUE,Success,1.045734
11.8,0.853544,6966698.44,,,Success,1.163938,1.044303,0.830636,3.605814,1.01325,3.38264,3.338407,298,455.728732,1882059.37,442.003897,714304.3826,305.887939,1.049974,1,0.838097,3.185961,3.38264,10.531379,3.11336,305.887939,448.374278,1699140.64,436.038342,688341.7014,305.836078,1.069064,1,0.836494,3.161322,10.531379,33.043051,3.137581,305.836078,447.950514,1693396.133,439.394064,702931.5218,304.849154,1.093885,1,0.833812,3.124875,33.043051,103,3.117146,304.849154,446.36762,1692102.298,443.058311,718905.858,307.666422,TRUE,Success,1.044303
11.75,0.853836,6933394.59,,,Success,1.159006,1.042877,0.831108,3.593537,1.01325,3.372493,3.328392,298,455.145121,1867076.555,441.494141,712081.1886,305.845472,1.048598,1,0.838196,3.187623,3.372493,10.506032,3.115212,305.845472,448.370359,1692395.849,436.05066,688395.1871,305.815648,1.067066,1,0.836682,3.164038,10.506032,32.992991,3.140385,305.815648,448.012063,1687196.48,439.462278,703228.4834,304.833051,1.090874,1,0.834171,3.129563,32.992991,103,3.121875,304.833051,446.502778,1686725.707,443.198899,719519.6845,307.659756,TRUE,Success,1.042877
11.7,0.854126,6900167.006,,,Success,1.154074,1.041455,0.831572,3.581324,1.01325,3.362399,3.31843,298,454.564934,1852195.038,440.987314,709871.6542,305.803158,1.047198,1,0.838294,3.189299,3.362399,10.480871,3.117081,305.803158,448.36733,1685656.016,436.063837,688452.408,305.795221,1.065041,1,0.836867,3.166759,10.480871,32.94344,3.143197,305.795221,448.074056,1680993.889,439.530974,703527.5603,304.816944,1.087837,1,0.834523,3.134216,32.94344,103,3.126571,304.816944,446.636906,1681322.062,443.338536,720129.4228,307.653012,TRUE,Success,1.041455
11.65,0.854413,6867016.708,,,Success,1.149142,1.040038,0.832028,3.569175,1.01325,3.352361,3.308523,298,453.988275,1837415.517,440.483512,707676.1845,305.761002,1.045773,1,0.838391,3.190988,3.352361,10.455901,3.118967,305.761002,448.365211,1678921.227,436.077895,688513.4528,305.774797,1.062987,1,0.837051,3.169486,10.455901,32.894409,3.146014,305.774797,448.136498,1674788.373,439.60016,703828.7849,304.800833,1.084774,1,0.83487,3.138833,32.894409,103,3.131231,304.800833,446.770009,1675891.591,443.477225,720735.0902,307.646189,TRUE,Success,1.040038
11.6,0.854698,6833944.777,,,Success,1.14421,1.038626,0.832475,3.557091,1.01325,3.34238,3.298672,298,453.415253,1822738.719,439.982839,705495.2017,305.719009,1.044323,1,0.838487,3.19269,3.34238,10.431127,3.120868,305.719009,448.364024,1672191.574,436.092854,688578.4134,305.754376,1.060903,1,0.837232,3.172216,10.431127,32.84591,3.148836,305.754376,448.199399,1668579.948,439.669843,704132.1922,304.784718,1.081685,1,0.83521,3.143413,32.84591,103,3.135855,304.784718,446.902093,1670434.536,443.614971,721336.7095,307.639288,TRUE,Success,1.038626
11.55,0.85498,6800952.351,,,Success,1.139278,1.037219,0.832913,3.545076,1.01325,3.332457,3.28888,298,452.845983,1808165.406,439.4854,703329.1466,305.677184,1.042846,1,0.838582,3.194406,3.332457,10.406554,3.122787,305.677184,448.363792,1665467.151,436.108737,688647.3851,305.73396,1.058789,1,0.83741,3.17495,10.406554,32.797954,3.151663,305.73396,448.262764,1662368.636,439.740033,704437.8201,304.7686,1.078568,1,0.835543,3.147955,32.797954,103,3.14044,304.7686,447.033164,1664951.158,443.751782,721934.3096,307.632311,TRUE,Success,1.037219
11.5,0.85526,6768040.634,,,Success,1.134346,1.035817,0.833342,3.53313,1.01325,3.322596,3.279147,298,452.280582,1793696.371,438.991307,701178.4793,305.635531,1.041342,1,0.838676,3.196134,3.322596,10.382188,3.124722,305.635531,448.364541,1658748.062,436.125566,688720.4671,305.713548,1.056644,1,0.837586,3.177687,10.382188,32.750553,3.154494,305.713548,448.326604,1656154.466,439.810738,704745.7091,304.752479,1.075425,1,0.835868,3.152456,32.750553,103,3.144985,304.752479,447.163231,1659441.734,443.887666,722527.9256,307.625256,TRUE,Success,1.035817
11.45,0.855536,6735210.896,,,Success,1.129414,1.034421,0.833761,3.521255,1.01325,3.312797,3.269476,298,451.719174,1779332.446,438.500674,699043.6803,305.594057,1.039811,1,0.838769,3.197876,3.312797,10.358034,3.126674,305.594057,448.366293,1652034.412,436.143366,688797.7623,305.693141,1.054468,1,0.837759,3.180426,10.358034,32.703718,3.157329,305.693141,448.390928,1649937.477,439.881969,705055.9033,304.736355,1.072254,1,0.836186,3.156916,32.703718,103,3.149489,304.736355,447.292305,1653906.561,444.022632,723117.6,307.618124,TRUE,Success,1.034421
11.4,0.855809,6702464.48,,,Success,1.124482,1.033031,0.834171,3.509454,1.01325,3.303062,3.259869,298,451.161888,1765074.5,438.013623,696925.2516,305.552766,1.038251,1,0.83886,3.199631,3.303062,10.334099,3.128642,305.552766,448.369076,1645326.314,436.16216,688879.3782,305.67274,1.05226,1,0.837928,3.183166,10.334099,32.657463,3.160165,305.67274,448.455746,1643717.713,439.953735,705368.4505,304.720231,1.069056,1,0.836495,3.161333,32.657463,103,3.15395,304.720231,447.420397,1648345.952,444.156693,723703.3824,307.610917,TRUE,Success,1.033031
11.35,0.856078,6669802.804,,,Success,1.11955,1.031646,0.834571,3.497728,1.01325,3.293395,3.250328,298,450.60886,1750923.442,437.530279,694823.7181,305.511665,1.036662,1,0.838949,3.201398,3.293395,10.310389,3.130627,305.511665,448.372917,1638623.888,436.181974,688965.4264,305.652346,1.050019,1,0.838094,3.185907,10.310389,32.611801,3.163004,305.652346,448.521069,1637495.229,440.02605,705683.4021,304.704105,1.065829,1,0.836796,3.165704,32.611801,103,3.158366,304.704105,447.547521,1642760.246,444.289862,724285.3305,307.603634,TRUE,Success,1.031646
11.3,0.856344,6637227.37,,,Success,1.114618,1.030267,0.83496,3.486081,1.01325,3.283796,3.240855,298,450.06023,1736880.226,437.050774,692739.6289,305.47076,1.035043,1,0.839037,3.203178,3.283796,10.28691,3.132627,305.47076,448.377844,1631927.26,436.202836,689056.0236,305.63196,1.047744,1,0.838256,3.188647,10.28691,32.566743,3.165843,305.63196,448.58691,1631270.087,440.098926,706000.8143,304.687979,1.062574,1,0.837087,3.170029,32.566743,103,3.162736,304.687979,447.673694,1637149.798,444.422154,724863.5105,307.596276,TRUE,Success,1.030267
11.25,0.856606,6604739.765,,,Success,1.109686,1.028894,0.835338,3.474513,1.01325,3.274269,3.231452,298,449.516145,1722945.847,436.575246,690673.5583,305.430056,1.033392,1,0.839123,3.20497,3.274269,10.26367,3.134644,305.430056,448.383887,1625236.565,436.224772,689151.2917,305.611581,1.045436,1,0.838413,3.191385,10.26367,32.522305,3.168682,305.611581,448.653282,1625042.362,440.172377,706320.7478,304.671853,1.05929,1,0.837368,3.174306,32.522305,103,3.167057,304.671853,447.798933,1631514.99,444.553587,725437.9978,307.588844,TRUE,Success,1.028894
11.2,0.856864,6572341.666,,,Success,1.104754,1.027529,0.835705,3.463027,1.01325,3.264816,3.222123,298,448.976761,1709121.354,436.103837,688626.108,305.389561,1.03171,1,0.839206,3.206775,3.264816,10.240674,3.136678,305.389561,448.391075,1618551.945,436.247813,689251.3581,305.591212,1.043091,1,0.838566,3.194121,10.240674,32.4785,3.17152,305.591212,448.720199,1618812.141,440.246417,706643.2685,304.655729,1.055976,1,0.83764,3.178532,32.4785,103,3.171329,304.655729,447.923258,1625856.226,444.68418,726008.8777,307.581339,TRUE,Success,1.027529
11.15,0.857118,6540034.852,,,Success,1.099822,1.026169,0.836061,3.451626,1.01325,3.255438,3.212868,298,448.442239,1695407.841,435.6367,686597.908,305.349279,1.029995,1,0.839288,3.208591,3.255438,10.217931,3.138726,305.349279,448.399443,1611873.553,436.27199,689356.356,305.570853,1.040712,1,0.838715,3.196854,10.217931,32.435343,3.174355,305.570853,448.787679,1612579.522,440.321063,706968.4481,304.639606,1.052633,1,0.8379,3.182706,32.435343,103,3.175548,304.639606,448.046694,1620173.936,444.813956,726576.2459,307.573761,TRUE,Success,1.026169
11.1,0.857367,6507821.205,,,Success,1.094891,1.024817,0.836405,3.440313,1.01325,3.24614,3.203691,298,447.912748,1681806.46,435.173992,684589.6187,305.30922,1.028246,1,0.839366,3.210418,3.24614,10.195447,3.140791,305.30922,448.409024,1605201.551,436.297333,689466.4254,305.550504,1.038295,1,0.838857,3.199582,10.195447,32.392848,3.177188,305.550504,448.855738,1606344.617,440.396334,707296.3647,304.623487,1.049259,1,0.838149,3.186826,32.392848,103,3.179714,304.623487,448.169264,1614468.577,444.94294,727140.2095,307.56611,TRUE,Success,1.024817
11.05,0.857611,6475702.718,,,Success,1.089959,1.023473,0.836736,3.42909,1.01325,3.236923,3.194595,298,447.388465,1668318.418,434.715877,682601.933,305.269388,1.026462,1,0.839442,3.212256,3.236923,10.173231,3.142871,305.269388,448.419853,1598536.11,436.323878,689581.7129,305.530167,1.035841,1,0.838994,3.202304,10.173231,32.351031,3.180015,305.530167,448.924396,1600107.554,440.472247,707627.1032,304.607371,1.045856,1,0.838385,3.19089,32.351031,103,3.183824,304.607371,448.290999,1608740.635,445.071159,727700.8875,307.558389,TRUE,Success,1.023473
11,0.85785,6443681.503,,,Success,1.085027,1.022135,0.837055,3.41796,1.01325,3.227791,3.185582,298,446.869577,1654944.984,434.262529,680635.5774,305.229793,1.024641,1,0.839514,3.214105,3.227791,10.151291,3.144966,305.229793,448.431968,1591877.417,436.351659,689702.3728,305.509843,1.033348,1,0.839125,3.205019,10.151291,32.309909,3.182837,305.509843,448.993674,1593868.477,440.548825,707960.7558,304.59126,1.042421,1,0.838609,3.194896,32.309909,103,3.187877,304.59126,448.411929,1602990.625,445.198643,728258.412,307.550597,TRUE,Success,1.022135
10.95,0.858083,6411759.801,,,Success,1.080095,1.020806,0.83736,3.406925,1.01325,3.218746,3.176656,298,446.356278,1641687.491,433.81413,678691.3154,305.190441,1.022784,1,0.839583,3.215965,3.218746,10.129636,3.147075,305.190441,448.445408,1585225.668,436.380713,689828.5672,305.489533,1.030815,1,0.839249,3.207725,10.129636,32.269496,3.185652,305.489533,449.063594,1587627.548,440.62609,708297.4235,304.575155,1.038954,1,0.838819,3.198842,32.269496,103,3.191869,304.575155,448.532089,1597219.094,445.325426,728812.9289,307.542736,TRUE,Success,1.020806
10.9,0.858311,6379939.989,,,Success,1.075163,1.019485,0.837652,3.39599,1.01325,3.209792,3.167819,298,445.848775,1628547.34,433.37087,676769.9485,305.15134,1.020889,1,0.839648,3.217833,3.209792,10.108274,3.149199,305.15134,448.460216,1578581.076,436.411081,689960.4674,305.469239,1.028243,1,0.839366,3.210421,10.108274,32.229811,3.188458,305.469239,449.134182,1581384.95,440.704067,708637.2158,304.559056,1.035456,1,0.839015,3.202725,32.229811,103,3.195799,304.559056,448.651517,1591426.624,445.451544,729364.5992,307.534806,TRUE,Success,1.019485
10.85,0.858533,6348224.589,,,Success,1.070231,1.018173,0.83793,3.385158,1.01325,3.200933,3.159075,298,445.347282,1615526.006,432.93295,674872.3196,305.1125,1.018954,1,0.839709,3.219711,3.200933,10.087215,3.151336,305.1125,448.476435,1571943.868,436.442803,690098.2537,305.44896,1.025629,1,0.839475,3.213106,10.087215,32.19087,3.191254,305.44896,449.205466,1575140.885,440.782785,708980.2527,304.542966,1.031926,1,0.839196,3.206544,32.19087,103,3.199665,304.542966,448.770255,1585613.83,445.577039,729913.5995,307.526809,TRUE,Success,1.018173
10.8,0.858748,6316616.279,,,Success,1.065299,1.01687,0.838192,3.374431,1.01325,3.19217,3.150427,298,444.852027,1602625.043,432.500579,672999.3154,305.073927,1.016978,1,0.839766,3.221597,3.19217,10.066468,3.153487,305.073927,448.494112,1565314.288,436.475923,690242.1169,305.4287,1.022973,1,0.839576,3.215777,10.066468,32.152692,3.194039,305.4287,449.277476,1568895.581,440.862272,709326.6649,304.526885,1.028363,1,0.839361,3.210296,32.152692,103,3.203464,304.526885,448.88835,1579781.367,445.701956,730460.1238,307.518746,TRUE,Success,1.01687
10.75,0.858956,6285117.906,,,Success,1.060367,1.015576,0.83844,3.363814,1.01325,3.183509,3.141879,298,444.363246,1589846.086,432.073981,671151.8691,305.035632,1.01496,1,0.839818,3.22349,3.183509,10.046043,3.155651,305.035632,448.513295,1558692.599,436.510488,690392.2591,305.408459,1.020273,1,0.839668,3.218434,10.046043,32.115295,3.19681,305.408459,449.350245,1562649.291,440.942561,709676.595,304.510815,1.024767,1,0.839509,3.213978,32.115295,103,3.207195,304.510815,449.005853,1573929.93,445.826341,731004.3844,307.510617,TRUE,Success,1.015576
10.7,0.859158,6253732.357,,,Success,1.055435,1.014292,0.838672,3.353311,1.01325,3.174953,3.133435,298,443.881187,1577190.8,431.653381,669330.9424,304.997624,1.012898,1,0.839864,3.225391,3.174953,10.025951,3.157826,304.997624,448.534036,1552079.067,436.546546,690548.8867,305.388238,1.017529,1,0.839751,3.221074,10.025951,32.078696,3.199566,305.388238,449.423806,1556402.271,441.023685,710030.1889,304.494757,1.021138,1,0.83964,3.217589,32.078696,102.99999,3.210853,304.494757,449.122813,1568060.22,445.950246,731546.598,307.502424,TRUE,Success,1.014292
10.65,0.859351,6222463.139,,,Success,1.050503,1.013019,0.838888,3.342924,1.01325,3.166507,3.125099,298,443.406124,1564661.127,431.239037,667537.6156,304.959912,1.010792,1,0.839904,3.227297,3.166507,10.006204,3.160013,304.959912,448.556394,1545474.035,436.584151,690712.2429,305.36804,1.014739,1,0.839823,3.223695,10.006204,32.04292,3.202305,305.36804,449.498206,1550154.884,441.105689,710387.6382,304.478713,1.017474,1,0.839752,3.221126,32.04292,102.999991,3.214438,304.478713,449.2393,1562173.093,446.073736,732087.0493,307.494169,TRUE,Success,1.013019
10.6,0.859536,6191313.528,,,Success,1.045571,1.011756,0.839087,3.33266,1.01325,3.158174,3.116875,298,442.938331,1552258.924,430.831202,665772.9589,304.922507,1.008639,1,0.839938,3.229208,3.158174,9.986811,3.162211,304.922507,448.580426,1538877.816,436.623357,690882.5613,305.347867,1.011903,1,0.839884,3.226296,9.986811,32.007985,3.205025,305.347867,449.573484,1543907.449,441.188612,710749.1183,304.462685,1.013776,1,0.839845,3.224586,32.007985,102.999992,3.217947,304.462685,449.355374,1556269.339,446.196869,732625.9976,307.485853,TRUE,Success,1.011756
10.55,0.859713,6160287.176,,,Success,1.040639,1.010505,0.839268,3.322522,1.01325,3.149959,3.108768,298,442.478102,1539986.22,430.430148,664038.1261,304.88542,1.006438,1,0.839966,3.231123,3.149959,9.967787,3.164418,304.88542,448.606195,1532290.766,436.664225,691060.0998,305.327719,1.009019,1,0.839933,3.228873,9.967787,31.973912,3.207724,305.327719,449.649689,1537660.348,441.272501,711114.8332,304.446674,1.010043,1,0.839917,3.227966,31.973912,102.999992,3.221376,304.446674,449.471107,1550349.84,446.319715,733163.7429,307.477478,TRUE,Success,1.010505
10.5,0.85988,6129387.971,,,Success,1.035707,1.009265,0.839431,3.312514,1.01325,3.141867,3.100782,298,442.025747,1527845.159,430.036164,662334.3358,304.848662,1.004188,1,0.839985,3.233041,3.141867,9.949142,3.166634,304.848662,448.633768,1525713.276,436.706816,691245.1335,305.3076,1.006086,1,0.839969,3.231426,9.949142,31.940723,3.2104,305.3076,449.726873,1531414.006,441.357408,711485.0063,304.430682,1.006274,1,0.839967,3.231265,31.940723,102.999993,3.224723,304.430682,449.586576,1544415.53,446.442348,733700.6115,307.469044,TRUE,Success,1.009265
10.45,0.860037,6098620.066,,,Success,1.030775,1.008038,0.839575,3.302643,1.01325,3.133903,3.092922,298,441.581594,1515838.01,429.649554,660662.877,304.812244,1.001886,1,0.839997,3.23496,3.133903,9.93089,3.168857,304.812244,448.663218,1519145.766,436.7512,691437.9566,305.287511,1.003102,1,0.839992,3.233951,9.93089,31.90844,3.213049,305.287511,449.805095,1525168.889,441.443387,711859.8822,304.414711,1.002469,1,0.839995,3.234478,31.90844,102.999994,3.227986,304.414711,449.701864,1538467.4,446.564849,734236.9578,307.460553,TRUE,Success,1.008038
10.4,0.860185,6067987.889,,,Success,1.025843,1.006824,0.8397,3.292912,1.01325,3.126072,3.085194,298,441.145991,1503967.175,429.270639,659025.1115,304.776179,0.99953,1,0.84,3.236879,3.126072,9.913045,3.171086,304.776179,448.694621,1512588.696,436.797446,691638.8833,305.267454,1.000067,1,0.84,3.236446,9.913045,31.877088,3.21567,305.267454,449.884418,1518925.513,441.5305,712239.7289,304.398764,0.998627,1,0.839998,3.237603,31.877088,102.999994,3.231161,304.398764,449.817064,1532506.504,446.687305,734773.1662,307.452008,TRUE,Success,1.006824
10.35,0.860321,6037496.173,,,Success,1.020911,1.005624,0.839804,3.283328,1.01325,3.118381,3.077602,298,440.719305,1492235.199,428.899761,657422.4843,304.740481,0.99712,1,0.839993,3.238797,3.118381,9.895622,3.173321,304.740481,448.728061,1506042.565,436.845635,691848.2528,305.247433,0.996978,1,0.839992,3.238908,9.895622,31.84669,3.218261,305.247433,449.964911,1512684.448,441.618814,712624.8404,304.382843,0.994749,1,0.839977,3.240637,31.84669,102.999995,3.234245,304.382843,449.932273,1526533.96,446.809813,735309.6539,307.44341,TRUE,Success,1.005624
10.3,0.860446,6007149.98,,,Success,1.015979,1.004438,0.839887,3.273897,1.01325,3.110834,3.070154,298,440.301926,1480644.782,428.53728,655856.5248,304.705162,0.994653,1,0.839976,3.240711,3.110834,9.878635,3.175559,304.705162,448.763626,1499507.919,436.895848,692066.4282,305.227451,0.993836,1,0.839968,3.241334,9.878635,31.817271,3.220817,305.227451,450.046651,1506446.323,441.708403,713015.5391,304.36695,0.990833,1,0.839928,3.243577,31.817271,102.999995,3.237235,304.36695,450.047599,1520550.956,446.932475,735846.8728,307.434761,TRUE,Success,1.004438
10.25,0.860558,5976954.723,,,Success,1.011048,1.003267,0.839948,3.264625,1.01325,3.103438,3.062855,298,439.894265,1469198.788,428.183578,654328.8558,304.670238,0.992126,1,0.839947,3.24262,3.103438,9.8621,3.177798,304.670238,448.801414,1492985.354,436.948176,692293.801,305.207509,0.990637,1,0.839925,3.243721,9.8621,31.788858,3.223336,305.207509,450.129722,1500211.829,441.799349,713412.179,304.351088,0.986879,1,0.839852,3.24642,31.788858,102.999996,3.240129,304.351088,450.163157,1514558.752,447.055403,736385.3125,307.426063,TRUE,Success,1.003267
10.2,0.860658,5946916.203,,,Success,1.006116,1.002112,0.839986,3.255518,1.01325,3.0962,3.055712,298,439.496762,1457900.262,427.83906,652841.2002,304.635723,0.989539,1,0.839906,3.244522,3.0962,9.846034,3.180038,304.635723,448.841527,1486475.52,437.002716,692530.794,305.187611,0.987381,1,0.839863,3.246066,9.846034,31.761478,3.225814,305.187611,450.214217,1493981.731,441.891738,713815.1487,304.335261,0.982886,1,0.839745,3.249163,31.761478,102.999996,3.242922,304.335261,450.279073,1508558.69,447.178718,736925.5031,307.417318,TRUE,Success,1.002112
10.15,0.860743,5917040.635,,,Success,1.001184,1.000974,0.84,3.246584,1.01325,3.089127,3.048732,298,439.10988,1446752.44,427.504159,651395.3889,304.601633,0.986887,1,0.839852,3.246414,3.089127,9.830454,3.182276,304.601633,448.884079,1479979.133,437.059573,692777.8643,305.167761,0.984066,1,0.83978,3.248365,9.830454,31.735158,3.228249,305.167761,450.300239,1487756.869,441.98567,714224.8754,304.319471,0.978853,1,0.839608,3.251801,31.735158,102.999997,3.245612,304.319471,450.395482,1502552.194,447.30255,737468.0182,307.408529,TRUE,Success,1.000974
10.1,0.860814,5887334.691,,,Success,0.996252,0.999854,0.839989,3.237829,1.01325,3.082227,3.041922,298,438.734116,1435758.765,427.179331,649993.3695,304.567986,0.98417,1,0.839783,3.248295,3.082227,9.815379,3.184509,304.567986,448.929191,1473496.976,437.11886,693035.5072,305.147963,0.980691,1,0.839674,3.250615,9.815379,31.709928,3.230637,305.147963,450.3879,1481538.171,442.081252,714641.8287,304.303721,0.974781,1,0.839438,3.254332,31.709928,102.999997,3.248194,304.303721,450.512531,1496540.778,447.427041,738013.4786,307.399697,TRUE,Success,0.999854
10.05,0.860869,5857805.536,,,Success,0.99132,0.998752,0.839952,3.229263,1.01325,3.075507,3.03529,298,438.369996,1424922.91,426.865064,648637.2158,304.534798,0.981384,1,0.839698,3.250161,3.075507,9.800828,3.186735,304.534798,448.976996,1467029.913,437.180701,693304.2607,305.128221,0.977253,1,0.839545,3.252812,9.800828,31.685817,3.232973,305.128221,450.477322,1475326.658,442.178601,715066.5255,304.288016,0.970668,1,0.839233,3.256752,31.685817,102.999997,3.250666,304.288016,450.630379,1490526.056,447.552345,738562.5558,307.390827,TRUE,Success,0.998752
10,0.860907,5828460.873,,,Success,0.986388,0.99767,0.839889,3.220892,1.01325,3.068977,3.028845,298,438.01808,1414248.787,426.561877,647329.138,304.50209,0.978527,1,0.839595,3.252009,3.068977,9.786821,3.188952,304.50209,449.027638,1460578.891,437.24523,693584.7103,305.108539,0.973751,1,0.83939,3.254951,9.786821,31.662856,3.235255,305.108539,450.568644,1469123.456,442.277848,715499.5345,304.27236,0.966515,1,0.838992,3.259058,31.662856,102.999998,3.253023,304.27236,450.749196,1484509.74,447.678625,739115.976,307.38192,TRUE,Success,0.99767
9.95,0.860927,5799308.996,,,Success,0.981456,0.996609,0.839797,3.212727,1.01325,3.062644,3.022595,298,437.678968,1403740.574,426.270324,646071.4948,304.469881,0.975596,1,0.839474,3.253837,3.062644,9.773379,3.191157,304.469881,449.081275,1454144.96,437.312594,693877.4943,305.088922,0.970184,1,0.839207,3.257028,9.773379,31.641079,3.237476,305.088922,450.662016,1462929.805,442.379135,715941.4827,304.256756,0.962319,1,0.838712,3.261244,31.641079,102.999998,3.255262,304.256756,450.869168,1478493.656,447.806063,739674.5246,307.372979,TRUE,Success,0.996609
9.9,0.860929,5770358.842,,,Success,0.976524,0.995569,0.839676,3.204776,1.01325,3.056519,3.01655,298,437.353298,1393402.742,425.990996,644866.8065,304.438192,0.972588,1,0.839333,3.25564,3.056519,9.760525,3.193346,304.438192,449.138078,1447729.276,437.382953,694183.3109,305.069376,0.966549,1,0.838994,3.259039,9.760525,31.620518,3.239633,305.069376,450.757603,1456747.075,442.482622,716393.0615,304.24121,0.958082,1,0.838392,3.263308,31.620518,102.999999,3.257379,304.24121,450.990496,1472479.75,447.93485,740239.0513,307.364007,TRUE,Success,0.995569
9.85,0.86091,5741620.042,,,Success,0.971592,0.994553,0.839523,3.19705,1.01325,3.050612,3.01072,298,437.041753,1383240.062,425.724524,643717.7653,304.407046,0.9695,1,0.839169,3.257415,3.050612,9.748282,3.195516,304.407046,449.198237,1441333.12,437.456482,694502.9238,305.049907,0.962844,1,0.838749,3.260978,9.748282,31.601208,3.241721,305.049907,450.85559,1450576.772,442.588481,716855.0326,304.225726,0.953801,1,0.838029,3.265246,31.601208,102.999999,3.259369,304.225726,451.113396,1466470.089,448.065195,740810.4736,307.355008,TRUE,Success,0.994553
9.8,0.86087,5713103.013,,,Success,0.96666,0.993562,0.839339,3.189559,1.01325,3.044935,3.005117,298,436.745064,1373257.657,425.471585,642627.2573,304.376467,0.966329,1,0.83898,3.259158,3.044935,9.736676,3.197663,304.376467,449.261959,1434957.912,437.533374,694837.1724,305.03052,0.959068,1,0.83847,3.262841,9.736676,31.583185,3.243734,305.03052,450.956179,1444420.56,442.696905,717328.2383,304.21031,0.949477,1,0.837622,3.267053,31.583185,102.999999,3.261229,304.21031,451.238102,1460466.883,448.197325,741389.7853,307.345985,TRUE,Success,0.993562
9.75,0.860807,5684819.016,,,Success,0.961728,0.992597,0.839121,3.182316,1.01325,3.039498,2.999751,298,436.464016,1363461.019,425.232902,641598.3754,304.34648,0.963071,1,0.838765,3.260863,3.039498,9.725732,3.199783,304.34648,449.329473,1428605.232,437.61384,695186.9803,305.011224,0.955218,1,0.838154,3.264621,9.725732,31.566488,3.245667,305.011224,451.059595,1438280.278,442.808106,717813.609,304.194967,0.945109,1,0.837166,3.268724,31.566488,102.999999,3.262954,304.194967,451.364867,1454472.488,448.331485,741978.0605,307.336941,TRUE,Success,0.992597
9.7,0.860719,5656780.245,,,Success,0.956796,0.991659,0.838867,3.175333,1.01325,3.034314,2.994635,298,436.199449,1353856.044,425.009253,640634.4395,304.317113,0.959722,1,0.83852,3.262526,3.034314,9.715479,3.20187,304.317113,449.401029,1422276.834,437.698115,695553.3659,304.992026,0.951293,1,0.837798,3.266312,9.715479,31.551154,3.247514,304.992026,451.166087,1432157.951,442.92232,718312.1738,304.179705,0.940695,1,0.836661,3.270256,31.551154,102.999999,3.26454,304.179705,451.493966,1448489.415,448.467937,742576.4616,307.32788,TRUE,Success,0.991659
9.65,0.860605,5628999.926,,,Success,0.951864,0.990751,0.838577,3.168622,1.01325,3.029397,2.989782,298,435.952266,1344449.075,424.801472,639739.0185,304.288394,0.95628,1,0.838244,3.264142,3.029397,9.705946,3.20392,304.288394,449.476908,1415974.678,437.786456,695937.4551,304.972935,0.947289,1,0.837399,3.267909,9.705946,31.537225,3.249269,304.972935,451.275929,1426055.822,443.039806,718825.0719,304.16453,0.936236,1,0.836104,3.271644,31.537225,102.999999,3.265982,304.16453,451.625693,1442520.351,448.606969,743186.2459,307.318807,TRUE,Success,0.990751
9.6,0.860463,5601492.423,,,Success,0.946932,0.989874,0.838247,3.162198,1.01325,3.024761,2.985207,298,435.72344,1335246.944,424.610457,638915.9538,304.260355,0.952739,1,0.837933,3.265704,3.024761,9.697163,3.205927,304.260355,449.557418,1409700.95,437.879149,696340.4961,304.95396,0.943205,1,0.836954,3.269404,9.697163,31.524743,3.250924,304.95396,451.389427,1419976.367,443.160854,719353.5656,304.149449,0.931731,1,0.83549,3.272883,31.524743,103,3.267275,304.149449,451.760371,1436568.162,448.748889,743808.7744,307.309726,TRUE,Success,0.989874
9.55,0.860292,5574273.359,,,Success,0.942,0.98903,0.837876,3.156077,1.01325,3.020422,2.980925,298,435.514018,1326257.016,424.437175,638169.3868,304.233028,0.949096,1,0.837584,3.267205,3.020422,9.689164,3.207884,304.233028,449.642902,1403458.099,437.976513,696763.8753,304.935112,0.939038,1,0.83646,3.270791,9.689164,31.513751,3.252474,304.935112,451.506921,1413922.328,443.285781,719899.0548,304.134471,0.927179,1,0.834818,3.273968,31.513751,103,3.268414,304.134471,451.898345,1430635.916,448.894032,744445.5207,307.300641,TRUE,Success,0.98903
9.5,0.860088,5547359.755,,,Success,0.937068,0.988222,0.837462,3.150275,1.01325,3.016397,2.976952,298,435.325131,1317487.251,424.282671,637503.7888,304.20645,0.945346,1,0.837192,3.268638,3.016397,9.681984,3.209785,304.20645,449.733744,1397248.872,438.078902,697209.1371,304.916403,0.934786,1,0.835912,3.272061,9.681984,31.504296,3.253909,304.916403,451.628785,1407896.738,443.414944,720463.0942,304.119605,0.922579,1,0.834084,3.274894,31.504296,103,3.269395,304.119605,452.039991,1424726.895,449.042761,745098.0806,307.291557,TRUE,Success,0.988222
9.45,0.85985,5520770.189,,,Success,0.932137,0.987451,0.837002,3.144809,1.01325,3.012702,2.973306,298,435.158001,1308946.26,424.148073,636923.9953,304.180657,0.941483,1,0.836755,3.269994,3.012702,9.675659,3.211622,304.180657,449.830372,1391076.355,438.18671,697678.0063,304.897845,0.930445,1,0.835306,3.273206,9.675659,31.496424,3.255223,304.897845,451.755439,1401902.962,443.548736,721047.4114,304.10486,0.91793,1,0.833285,3.275656,31.496424,103,3.270213,304.10486,452.185716,1418844.612,449.195467,745768.1834,307.282478,TRUE,Success,0.987451
9.4,0.859575,5494524.968,,,Success,0.927205,0.986721,0.836495,3.139699,1.01325,3.009358,2.970006,298,435.013952,1300643.376,424.034601,636435.2443,304.155693,0.937504,1,0.836267,3.271266,3.009358,9.670228,3.213385,304.155693,449.933264,1384944.026,438.300381,698172.4139,304.879454,0.926014,1,0.834638,3.274218,9.670228,31.490186,3.256406,304.879454,451.88735,1395944.73,443.687595,721653.9292,304.090248,0.913232,1,0.832417,3.276248,31.490186,103,3.27086,304.090248,452.335961,1412992.836,449.352578,746457.7038,307.273411,TRUE,Success,0.986721
9.35,0.859261,5468646.335,,,Success,0.922273,0.986035,0.835936,3.134965,1.01325,3.006386,2.967072,298,434.894419,1292588.732,423.94358,636043.2204,304.131599,0.933402,1,0.835724,3.272442,3.006386,9.665733,3.215067,304.131599,450.04296,1378855.812,438.420412,698694.5284,304.861246,0.92149,1,0.833902,3.275088,9.665733,31.485633,3.257449,304.861246,452.025036,1390026.186,443.832011,722284.7896,304.075779,0.908484,1,0.831476,3.276665,31.485633,103,3.271333,304.075779,452.491204,1407175.605,449.514554,747168.6751,307.26436,TRUE,Success,0.986035
9.3,0.858904,5443158.7,,,Success,0.917341,0.985394,0.835324,3.130629,1.01325,3.003807,2.964527,298,434.800962,1284793.352,423.876449,635754.1041,304.108425,0.929172,1,0.835119,3.273513,3.003807,9.662219,3.216657,304.108425,450.160064,1372816.154,438.547362,699246.7907,304.843239,0.916868,1,0.833094,3.275805,9.662219,31.482818,3.258343,304.843239,452.169077,1384151.936,443.982529,722942.3821,304.061466,0.903686,1,0.830458,3.276901,31.482818,103,3.271626,304.061466,452.651962,1401397.258,449.681895,747903.304,307.255332,TRUE,Success,0.985394
9.25,0.858502,5418088.906,,,Success,0.912409,0.984803,0.834654,3.126716,1.01325,3.001647,2.962396,298,434.735281,1277269.252,423.834775,635574.6286,304.086222,0.924808,1,0.834447,3.274466,3.001647,9.659731,3.218143,304.086222,450.285263,1366830.095,438.681862,699831.9572,304.825454,0.912147,1,0.832208,3.276359,9.659731,31.481799,3.259076,304.825454,452.320121,1378327.104,444.139757,723629.3758,304.047323,0.898835,1,0.829359,3.276951,31.481799,103,3.271732,304.047323,452.8188,1395662.456,449.855145,748663.987,307.246333,TRUE,Success,0.984803
9.2,0.85805,5393466.536,,,Success,0.907477,0.984266,0.833923,3.123252,1.01325,2.999932,2.960703,298,434.69923,1270029.556,423.820266,635512.1444,304.065045,0.920303,1,0.833701,3.275289,2.999932,9.65832,3.219513,304.065045,450.419332,1360903.365,438.824627,700453.1493,304.807913,0.907323,1,0.831236,3.276739,9.65832,31.482633,3.259638,304.807913,452.478894,1372557.405,444.304375,724348.7563,304.033365,0.893933,1,0.828174,3.276807,31.482633,103,3.271645,304.033365,452.992329,1389976.21,450.034894,749453.328,307.237369,TRUE,Success,0.984266
9.15,0.857546,5369324.267,,,Success,0.902545,0.983785,0.833128,3.120265,1.01325,2.998691,2.959478,298,434.694836,1263088.635,423.83479,635574.6939,304.044954,0.91565,1,0.832872,3.275965,2.998691,9.65804,3.220752,304.044954,450.563152,1355042.502,438.97647,701113.9125,304.790643,0.902392,1,0.830172,3.276933,9.65804,31.485381,3.260018,304.790643,452.646207,1366849.211,444.477145,725103.8683,304.01961,0.888977,1,0.826898,3.276465,31.485381,103,3.271359,304.01961,453.173213,1384343.918,450.221783,750274.1594,307.228447,TRUE,Success,0.983785
9.1,0.856984,5345698.282,,,Success,0.897613,0.983367,0.832264,3.117786,1.01325,2.997955,2.958751,298,434.724322,1256462.257,423.880395,635771.0972,304.026015,0.910842,1,0.831951,3.276481,2.997955,9.658947,3.221846,304.026015,450.717728,1349254.979,439.138315,701818.2869,304.773674,0.897352,1,0.829009,3.276928,9.658947,31.490108,3.260201,304.773674,452.822972,1361209.648,444.658923,725898.4644,304.006075,0.883966,1,0.825526,3.275916,31.490108,103,3.270868,304.006075,453.362176,1378771.398,450.416511,751129.5636,307.219574,TRUE,Success,0.983367
9.05,0.85636,5322628.75,,,Success,0.892681,0.983015,0.831326,3.115848,1.01325,2.997757,2.958557,298,434.79013,1250167.77,423.95933,636111.0518,304.008301,0.90587,1,0.83093,3.276817,2.997757,9.661102,3.222777,304.008301,450.884209,1343549.368,439.31122,702570.8909,304.757038,0.892198,1,0.827737,3.27671,9.661102,31.49688,3.260175,304.757038,453.010214,1355646.687,444.850669,726736.762,303.99278,0.878901,1,0.824053,3.275155,31.49688,103,3.270165,303.99278,453.560006,1373264.925,450.619838,752022.8981,307.210757,TRUE,Success,0.983015
9,0.855669,5300160.387,,,Success,0.887749,0.982736,0.830309,3.114489,1.01325,2.998137,2.958931,298,434.894951,1244224.314,424.074071,636605.2482,303.991888,0.900727,1,0.829796,3.276954,2.998137,9.66457,3.223526,303.991888,451.063912,1337935.526,439.496397,703377.0224,304.740775,0.886927,1,0.826347,3.276265,9.66457,31.505766,3.259924,304.740775,453.209087,1350169.269,445.053464,727623.5094,303.979749,0.87378,1,0.822472,3.274175,31.505766,103,3.269243,303.979749,453.767561,1367831.279,450.832592,752957.8242,307.202005,TRUE,Success,0.982736
8.95,0.854906,5278343.113,,,Success,0.882817,0.982535,0.829207,3.113749,1.01325,2.999133,2.959914,298,435.04176,1238653.062,424.227356,637265.5059,303.976861,0.895404,1,0.828538,3.276871,2.999133,9.669421,3.224072,303.976861,451.258356,1332424.827,439.695241,704242.7797,304.724927,0.881534,1,0.82483,3.275577,9.669421,31.51684,3.259434,304.724927,453.420893,1344787.432,445.268527,728564.0622,303.967005,0.868602,1,0.820777,3.272968,31.51684,103,3.268094,303.967005,453.985777,1362477.792,451.055677,753938.3371,307.193326,TRUE,Success,0.982535
8.9,0.854064,5257232.801,,,Success,0.877885,0.98242,0.828013,3.113671,1.01325,3.000791,2.96155,298,435.23385,1233477.5,424.422212,638104.9242,303.963316,0.889889,1,0.827139,3.276543,3.000791,9.675727,3.224392,303.963316,451.469293,1327030.437,439.909363,705175.2061,304.709544,0.876016,1,0.823174,3.274629,9.675727,31.530176,3.258688,304.709544,453.647103,1339512.467,445.497234,729564.47,303.954576,0.863367,1,0.818962,3.271527,31.530176,102.999999,3.266712,303.954576,454.215678,1357212.398,451.290077,754968.7992,307.184727,TRUE,Success,0.98242
8.85,0.853136,5236892.377,,,Success,0.872953,0.982397,0.82672,3.114305,1.01325,3.00316,2.963889,298,435.474894,1228723.855,424.662017,639138.1126,303.951354,0.884175,1,0.825585,3.275943,3.00316,9.683571,3.22446,303.951354,451.698759,1321767.67,440.140634,706182.4813,304.694684,0.870367,1,0.821366,3.273404,9.683571,31.545857,3.257668,304.694684,453.889384,1334357.128,445.741145,730631.5954,303.942491,0.858073,1,0.817019,3.269844,31.545857,103,3.265088,303.942491,454.458382,1352043.724,451.536874,756053.9934,307.176217,TRUE,Success,0.982397
8.8,0.852114,5217392.571,,,Success,0.868021,0.982475,0.82532,3.115704,1.01325,3.006295,2.966982,298,435.768975,1224421.33,424.950523,640381.3344,303.941089,0.878248,1,0.823856,3.275042,3.006295,9.693037,3.224247,303.941089,451.94912,1316654.353,440.391226,707274.1138,304.680413,0.864585,1,0.819394,3.271882,9.693037,31.563964,3.256354,304.680413,454.149626,1329335.787,446.002027,731773.2098,303.930785,0.852719,1,0.814941,3.267912,31.563964,103,3.263215,303.930785,454.715113,1346981.101,451.797245,757199.1386,307.167806,TRUE,Success,0.982475
8.75,0.850991,5198813.605,,,Success,0.863089,0.982665,0.823802,3.117926,1.01325,3.010254,2.97089,298,436.12068,1220602.777,425.291941,641852.8586,303.932648,0.872097,1,0.821932,3.273806,3.010254,9.704218,3.223721,303.932648,452.223148,1311711.383,440.663683,708461.2356,304.666807,0.858663,1,0.817241,3.270043,9.704218,31.584584,3.254727,304.666807,454.429982,1324464.747,446.281891,732998.1665,303.919494,0.847305,1,0.812719,3.265722,31.584584,103,3.261085,303.919494,454.987211,1342034.698,452.072485,758409.9692,307.159502,TRUE,Success,0.982665
8.7,0.849756,5181246.626,,,Success,0.858157,0.982977,0.822158,3.121038,1.01325,3.015104,2.975677,298,436.535168,1217305.211,425.691006,643573.2471,303.926169,0.865709,1,0.819787,3.272199,3.015104,9.717213,3.222844,303.926169,452.524097,1306963.322,440.96099,709756.9212,304.653955,0.852596,1,0.814892,3.267865,9.717213,31.60781,3.252765,304.653955,454.732905,1319762.508,446.583029,734316.5594,303.90866,0.841829,1,0.810346,3.263266,31.60781,103,3.258688,303.90866,455.276148,1337215.585,452.364011,759692.7768,307.151314,TRUE,Success,0.982977
,,,,,,,,,,,,,,,,,,,,,,,,,,,,,,,,,,,,,,,,,,,,,,,,,,,,,,,,,,,,
8.65,0.848399,5164795.703,,,Success,0.853225,0.983424,0.820373,3.12511,1.01325,3.020919,2.981415,298,437.018268,1214570.561,426.153068,645565.763,303.921808,0.859071,1,0.817394,3.270179,3.020919,9.732128,3.221578,303.921808,452.855808,1302439.182,441.28667,711176.6035,304.641961,0.846381,1,0.812328,3.265325,9.732128,31.633737,3.250444,304.641961,455.0612,1315250.126,446.908058,735739.931,303.898329,0.83629,1,0.807811,3.260535,31.633737,103,3.256017,303.898329,455.583542,1332535.835,452.673381,761054.4782,307.143252,TRUE,Success,0.983424
8.6,0.846907,5149580.245,,,Success,0.848294,0.984021,0.818433,3.130225,1.01325,3.02778,2.988186,298,437.576611,1212446.585,426.684201,647856.8658,303.91974,0.852167,1,0.81472,3.2677,3.02778,9.749079,3.219877,303.91974,453.222838,1298173.392,441.644899,712738.5922,304.630947,0.84001,1,0.809528,3.262397,9.749079,31.662466,3.247739,304.630947,455.418085,1310951.629,447.259982,737281.5181,303.888551,0.830689,1,0.805104,3.257521,31.662466,103,3.253063,303.888551,455.91117,1328008.639,453.002309,762502.6878,307.135325,TRUE,Success,0.984021
8.55,0.845267,5135737.995,,,Success,0.843362,0.984784,0.816323,3.136471,1.01325,3.035777,2.996079,298,438.217774,1210988.009,427.29135,650476.8296,303.920161,0.844981,1,0.811728,3.26471,3.035777,9.768191,3.21769,303.920161,453.630621,1294207.027,442.040655,714464.728,304.621056,0.833478,1,0.80647,3.259054,9.768191,31.694102,3.244623,304.621056,455.807259,1306894.525,447.642248,738956.5457,303.879384,0.825022,1,0.802215,3.254213,31.694102,103,3.249816,303.879384,456.260994,1323648.433,453.352683,764045.8014,307.127541,TRUE,Success,0.984784
8.5,0.843463,5123428.792,,,Success,0.83843,0.985733,0.814022,3.143949,1.01325,3.045014,3.005195,298,438.95048,1210257.985,427.982496,653460.5262,303.923292,0.837496,1,0.808374,3.261151,3.045014,9.789599,3.214961,303.923292,454.085677,1290589.362,442.479907,716381.2157,304.612456,0.826781,1,0.803128,3.255267,9.789599,31.728755,3.241068,304.612456,456.23299,1303110.399,448.058833,740782.5823,303.870892,0.81929,1,0.799134,3.250603,31.728755,103,3.246267,303.870892,456.635177,1319471.046,453.726586,765693.0912,307.119908,TRUE,Success,0.985733
8.45,0.841478,5112839.336,,,Success,0.833498,0.986893,0.811507,3.152772,1.01325,3.055603,3.015645,298,439.784844,1210329.965,428.766893,656848.4344,303.929388,0.829693,1,0.804608,3.256958,3.055603,9.813449,3.211625,303.929388,454.595874,1287379.866,442.969857,718519.6935,304.605349,0.81991,1,0.799475,3.251006,9.813449,31.766543,3.237042,304.605349,456.700218,1299635.641,448.51434,742779.9711,303.863147,0.813492,1,0.795846,3.24668,31.766543,103,3.242405,303.863147,457.036111,1315493.864,454.126319,767454.8146,307.112434,TRUE,Success,0.986893
8.4,0.839291,5104189.311,,,Success,0.828566,0.988291,0.808751,3.163067,1.01325,3.067673,3.027558,298,440.732705,1211290.172,429.655357,660687.962,303.938738,0.821551,1,0.800369,3.252058,3.067673,9.8399,3.20761,303.938738,455.170773,1284650.784,443.519247,720918.6195,304.599975,0.81286,1,0.795478,3.246237,9.8399,31.807587,3.232511,304.599975,457.214682,1296512.328,449.014107,744972.3544,303.856228,0.807625,1,0.79234,3.242435,31.807587,103,3.238221,303.856228,457.466446,1311736.026,454.55443,769342.3394,307.105125,TRUE,Success,0.988291
8.35,0.836879,5097739.385,,,Success,0.823634,0.989961,0.80572,3.174977,1.01325,3.081371,3.041076,298,441.808062,1213240.932,430.660667,665035.2192,303.951678,0.813048,1,0.795587,3.246368,3.081371,9.869123,3.202836,303.951678,455.82208,1282490.509,444.138775,723625.0877,304.596624,0.805625,1,0.791102,3.240923,9.869123,31.852015,3.227441,304.596624,457.783075,1293789.306,449.564361,747387.3178,303.850225,0.80169,1,0.788601,3.237856,31.852015,102.999999,3.233704,303.850225,457.929121,1308218.638,455.013746,771368.2875,307.097986,TRUE,Success,0.989961
8.3,0.834214,5093801.846,,,Success,0.818702,0.991945,0.802371,3.188664,1.01325,3.096859,3.056363,298,443.027677,1216305.27,431.798109,669957.4595,303.968601,0.804159,1,0.79018,3.239796,3.096859,9.901307,3.197209,303.968601,456.564233,1281008.038,444.841629,726697.2339,304.595643,0.798197,1,0.786307,3.235028,9.901307,31.899962,3.221793,304.595643,458.413237,1291523.505,450.172385,750057.1847,303.845237,0.795686,1,0.784615,3.232934,31.899962,102.999999,3.228844,303.845237,458.427403,1304965.033,455.507406,773546.7006,307.091019,TRUE,Success,0.991945
8.25,0.831265,5092755.068,,,Success,0.81377,0.994296,0.798654,3.204314,1.01325,3.114327,3.073602,298,444.411938,1220633.493,433.086251,675536.5488,303.989975,0.79486,1,0.78405,3.232234,3.114327,9.936655,3.190627,303.989975,457.415207,1280338.933,445.644208,730207.4639,304.597457,0.790568,1,0.78105,3.228509,9.936655,31.951571,3.215526,304.597457,459.114391,1289781.582,450.84674,753020.0022,303.841377,0.78961,1,0.780364,3.227656,31.951571,102.999998,3.223629,303.841377,458.964931,1302001.06,456.038905,775893.2317,307.084223,TRUE,Success,0.994296
8.2,0.827992,5095063.748,,,Success,0.808838,0.997082,0.794499,3.222137,1.01325,3.133987,3.093005,298,445.986124,1226412.973,434.548091,681874.1,304.016365,0.785121,1,0.777079,3.223565,3.133987,9.97539,3.182971,304.016365,458.397591,1280653.404,446.567107,734246.8463,304.602584,0.782732,1,0.775279,3.221322,9.97539,32.006989,3.208595,304.602584,459.897436,1288641.946,451.597537,756320.7739,303.838769,0.783462,1,0.775833,3.222012,32.006989,102.999996,3.218047,303.838769,459.545767,1299355.425,456.612141,778425.3668,307.077593,TRUE,Success,0.997082
8.15,0.824351,5101308.297,,,Success,0.803906,1.000394,0.789819,3.242377,1.01325,3.156085,3.114814,298,447.78239,1233883.483,436.212839,689099.4656,304.04847,0.77491,1,0.769126,3.213653,3.156085,10.017755,3.174108,304.04847,459.540086,1282167.418,447.636461,738931.1878,304.611663,0.774681,1,0.768939,3.21342,10.017755,32.066374,3.200954,304.611663,460.775325,1288197.31,452.436774,760013.0112,303.83755,0.777241,1,0.771002,3.21599,32.066374,102.999994,3.212087,303.83755,460.174453,1297060.085,457.231469,781162.6816,307.071119,TRUE,Success,1.000394
8.1,0.820283,5112230.636,,,Success,0.798974,1.004358,0.784489,3.265311,1.01325,3.180905,3.139309,298,449.843104,1243363.273,438.118932,697383.2301,304.087193,0.764196,1,0.760021,3.202344,3.180905,10.064017,3.163885,304.087193,460.879634,1285158.47,448.885868,744409.7025,304.625485,0.766407,1,0.761966,3.204753,10.064017,32.129895,3.192552,304.625485,461.76355,1288558.064,453.378786,764160.7839,303.837873,0.770946,1,0.765851,3.209577,32.129895,103,3.205737,303.837873,460.856094,1295150.828,457.901783,784127.2006,307.064784,TRUE,Success,1.004358
8.05,0.815718,5128805.152,,,Success,0.794042,1.009158,0.77833,3.291263,1.01325,3.208772,3.166812,298,452.226681,1255294.734,440.319296,706960.7494,304.13375,0.75294,1,0.74956,3.189463,3.208772,10.114463,3.152129,304.13375,462.464359,1289987.1,450.359025,750877.023,304.645037,0.757901,1,0.754288,3.195267,10.114463,32.19772,3.183334,304.645037,462.880686,1289855.872,454.440734,768840.9859,303.839902,0.764576,1,0.760358,3.202761,32.19772,103,3.198984,303.839902,461.596395,1293667.446,458.628542,787343.5574,307.058562,TRUE,Success,1.009158
8,0.810559,5152377.518,,,Success,0.78911,1.015091,0.771059,3.320607,1.01325,3.240066,3.197696,298,455.020099,1270343.184,442.892633,718182.5817,304.189924,0.741105,1,0.73749,3.174814,3.240066,10.169413,3.138644,304.189924,464.358144,1297129.934,452.113838,758591.9136,304.671558,0.749156,1,0.745824,3.184903,10.169413,32.270036,3.173245,304.671558,464.149241,1292249.552,455.64338,774146.9017,303.843813,0.758129,1,0.754501,3.195528,32.270036,103,3.191815,303.843813,462.401803,1292654.848,459.417914,790839.6414,307.052414,TRUE,Success,1.015091
7.95,0.804666,5184960.508,,,Success,0.784178,1.022698,0.762168,3.353776,1.01325,3.275227,3.232397,298,458.369345,1289638.248,445.970917,731637.0597,304.258706,0.728649,1,0.723506,3.158172,3.275227,10.229215,3.123208,304.258706,466.647496,1307227.203,454.228535,767905.4128,304.706613,0.740165,1,0.736481,3.173601,10.229215,32.347037,3.162221,304.706613,465.596616,1295931.515,457.011949,780192.2527,303.849787,0.751605,1,0.748254,3.187867,32.347037,103,3.184218,303.849787,463.279588,1292163.543,460.276843,794646.9308,307.046287,TRUE,Success,1.022698
