Gc_kg_s,eta_ex_system,Power_total_W,T_water_mix_K,total_mdot_water_kg_s,warnings,Gc_norm_s1,n_s1,eta_s1,eps_s1,Pin_s1_bar,Pout_s1_bar,PR_s1,Tin_s1_K,Tout_s1_K,Power_s1_W,T_water_out_s1_K,H_water_s1_Jperkg,T_air_out_intercooler_s1_K,Gc_norm_s2,n_s2,eta_s2,eps_s2,Pin_s2_bar,Pout_s2_bar,PR_s2,Tin_s2_K,Tout_s2_K,Power_s2_W,T_water_out_s2_K,H_water_s2_Jperkg,T_air_out_intercooler_s2_K,Gc_norm_s3,n_s3,eta_s3,eps_s3,Pin_s3_bar,Pout_s3_bar,PR_s3,Tin_s3_K,Tout_s3_K,Power_s3_W,T_water_out_s3_K,H_water_s3_Jperkg,T_air_out_intercooler_s3_K,Gc_norm_s4,n_s4,eta_s4,eps_s4,Pin_s4_bar,Pout_s4_bar,PR_s4,Tin_s4_K,Tout_s4_K,Power_s4_W,T_water_out_s4_K,H_water_s4_Jperkg,T_air_out_intercooler_s4_K,Optimization_Success,Status,opt_n_stage1,opt_n_stage2,opt_n_stage4
14.05,0.842674,8350643.591,,,Success,1.385875,1.1,0.801845,3.998598,1.01325,3.66745,3.619491,298,477.08042,2548158.597,460.366512,795044.5852,307.616971,1.156348,1.055564,0.832847,3.767506,3.66745,13.494196,3.67945,307.616971,476.59444,2404764.816,460.906377,797439.5032,307.985306,0.996912,1,0.839992,3.23896,13.494196,43.428579,3.218315,307.985306,454.1661,2075654.191,445.181573,728183.7588,306.328497,0.993395,0.908004,0.831676,2.193875,43.428579,95.000005,2.1875,306.328497,399.810131,1322065.987,397.514342,523040.7996,305.771662,TRUE,Success,1.1,1.055564,0.908004
14,0.84339,8312641.159,,,Success,1.380943,1.1,0.802818,4.012712,1.01325,3.68448,3.636299,298,477.410314,2543822.58,460.680714,796438.2677,307.610034,1.146894,1.054995,0.833849,3.770451,3.68448,13.572991,3.683828,307.610034,476.504212,2394989.486,460.850032,797189.4848,307.966877,0.987568,1,0.839867,3.245934,13.572991,43.782051,3.225674,307.966877,454.478089,2073027.498,445.505602,729601.0754,306.346956,0.981897,0.904516,0.8325,2.176067,43.782051,94.999992,2.169839,306.346956,398.673239,1300801.597,396.420024,518392.7106,305.709889,TRUE,Success,1.1,1.054995,0.904516
13.95,0.844002,8275418.425,,,Success,1.376011,1.1,0.803784,4.026513,1.01325,3.701183,3.652783,298,477.727446,2539270.431,460.906741,797441.1184,307.557691,1.137544,1.054902,0.834811,3.778724,3.701183,13.670346,3.693508,307.557691,476.566321,2388040.563,460.906741,797441.1184,307.939797,0.97699,1,0.839534,3.252976,13.670346,44.198257,3.233148,307.939797,454.816417,2070877.513,445.857891,731142.4397,306.370181,0.969214,0.900579,0.833309,2.155474,44.198257,95,2.149406,306.370181,397.369866,1277229.918,395.163995,513060.337,305.639431,TRUE,Success,1.1,1.054902,0.900579
13.9,0.844518,8240146.807,,,Success,1.371079,1.099331,0.804613,4.028494,1.01325,3.7059,3.657438,298,477.62058,2528641.262,460.906741,797441.1184,307.577946,1.132061,1.054517,0.835313,3.778944,3.7059,13.691623,3.694548,307.577946,476.506637,2378338.822,460.898379,797404.0115,307.934243,0.971967,1,0.839301,3.256003,13.691623,44.311278,3.236379,307.934243,454.9845,2065946.487,446.034173,731913.8953,306.368616,0.963274,0.899118,0.833721,2.149918,44.311278,95,2.143924,306.368616,396.987553,1267220.236,394.800017,511515.6026,305.614449,TRUE,Success,1.099331,1.054517,0.899118
13.85,0.844982,8204857.423,,,Success,1.366147,1.09881,0.805467,4.032813,1.01325,3.712976,3.664423,298,477.597961,2519219.818,460.906395,797439.5808,307.557325,1.125802,1.05433,0.835874,3.782113,3.712976,13.732989,3.698647,307.557325,476.491309,2369842.362,460.90645,797439.8254,307.916092,0.965525,1,0.838929,3.259586,13.732989,44.497923,3.240221,307.916092,455.184029,2061628.32,446.244104,732832.755,306.372682,0.95579,0.897085,0.834172,2.140832,44.497923,94.999999,2.134931,306.372682,396.392424,1254166.923,394.229712,509095.6674,305.578818,TRUE,Success,1.09881,1.05433,0.897085
13.8,0.845414,8169715.265,,,Success,1.361215,1.098302,0.806319,4.037156,1.01325,3.720067,3.67142,298,477.576638,2509819.064,460.906688,797440.8835,307.536393,1.119561,1.053957,0.836385,3.7826,3.720067,13.764457,3.700056,307.536393,476.378359,2359967.051,460.826316,797084.257,307.893649,0.959805,1,0.838527,3.262487,13.764457,44.642956,3.24335,307.893649,455.351322,2056889.973,446.421707,733610.2444,306.373019,0.949246,0.895399,0.834549,2.133816,44.642956,95,2.127995,306.373019,395.925718,1243039.177,393.783749,507203.719,305.549545,TRUE,Success,1.098302,1.053957,0.895399
13.75,0.845826,8135390.605,,,Success,1.356283,1.097805,0.807168,4.041467,1.01325,3.727116,3.678378,298,477.554704,2500411.944,460.906469,797439.9118,307.515399,1.113357,1.053907,0.836875,3.786732,3.727116,13.80934,3.705101,307.515399,476.414646,2352209.654,460.880986,797326.8333,307.877561,0.953194,1,0.837975,3.265509,13.80934,44.833889,3.246635,307.877561,455.559702,2052634.426,446.640209,734566.9356,306.377504,0.941786,0.89337,0.834922,2.124663,44.833889,94.999999,2.118933,306.377504,395.332645,1230134.581,393.215168,504792.0645,305.513876,TRUE,Success,1.097805,1.053907,0.89337
13.7,0.846209,8101397.344,,,Success,1.351351,1.097319,0.808014,4.045768,1.01325,3.734145,3.685314,298,477.532947,2491009.603,460.906442,797439.7878,307.494372,1.107182,1.053805,0.83732,3.789825,3.734145,13.850305,3.709097,307.494372,476.418321,2343988.791,460.906173,797438.5967,307.859969,0.946892,1,0.837358,3.268061,13.850305,45.005675,3.249436,307.859969,455.755839,2048206.646,446.846267,735469.3025,306.380318,0.934784,0.891509,0.83524,2.11649,45.005675,95.000003,2.110845,306.380318,394.80209,1218192.304,392.707065,502637.3831,305.481282,TRUE,Success,1.097319,1.053805,0.891509
13.65,0.846568,8064785.732,,,Success,1.346419,1.096846,0.808856,4.050065,1.01325,3.741159,3.692237,298,477.511643,2481615.87,460.906741,797441.1183,307.473259,1.101035,1.051904,0.83765,3.7708,3.741159,13.808494,3.690966,307.473259,475.564356,2323747.728,460.156092,794111.491,307.80542,0.946209,1,0.837285,3.268318,13.808494,44.873736,3.24972,307.80542,455.697813,2040657.842,446.798483,735260.0345,306.35581,0.934073,0.891997,0.835362,2.122688,44.873736,95.000004,2.117051,306.35581,395.14017,1218764.292,393.041249,504054.4886,305.492455,TRUE,Success,1.096846,1.051904,0.891997
13.6,0.846921,8028035.644,,,Success,1.341487,1.096383,0.809695,4.054314,1.01325,3.748116,3.699103,298,477.489291,2472209.762,460.906357,797439.4111,307.452193,1.094929,1.049817,0.83795,3.749569,3.748116,13.757901,3.670618,307.452193,474.625887,2302414.375,459.329134,790446.3005,307.747113,0.94612,1,0.837276,3.268351,13.757901,44.709827,3.249756,307.747113,455.613042,2032782.813,446.723987,734933.7983,306.328421,0.934022,0.892736,0.835465,2.130448,44.709827,95.000007,2.124813,306.328421,395.571269,1220628.695,393.46567,505854.5135,305.508175,TRUE,Success,1.096383,1.049817,0.892736
13.55,0.847271,7990985.001,,,Success,1.336556,1.095933,0.81053,4.05857,1.01325,3.75507,3.705966,298,477.467938,2462819.862,460.906741,797441.1183,307.431034,1.088846,1.047438,0.838219,3.724909,3.75507,13.694114,3.646833,307.431034,473.552603,2279304.657,458.379687,786241.959,307.682852,0.946933,1,0.837362,3.268045,13.694114,44.497905,3.249418,307.682852,455.487323,2024415.158,446.608633,734428.6728,306.296699,0.934971,0.893853,0.835542,2.140579,44.497905,95.000001,2.134932,306.296699,396.14277,1224445.324,394.02627,508232.5466,305.530724,TRUE,Success,1.095933,1.047438,0.893853
13.5,0.847616,7953981.475,,,Success,1.331624,1.095494,0.811361,4.062781,1.01325,3.761969,3.712774,298,477.445735,2453420.448,460.906493,797440.0163,307.409857,1.082801,1.044978,0.838466,3.699382,3.761969,13.626493,3.622171,307.409857,472.444442,2255823.693,457.398045,781899.1961,307.616917,0.948019,1,0.837475,3.267628,13.626493,44.271908,3.248958,307.616917,455.349475,2015907.078,446.481173,733870.5944,306.263707,0.936226,0.895089,0.83561,2.151493,44.271908,95.00001,2.14583,306.263707,396.758682,1228830.256,394.629958,510793.9446,305.555234,TRUE,Success,1.095494,1.044978,0.895089
13.45,0.847957,7916921.673,,,Success,1.326692,1.095066,0.812188,4.06697,1.01325,3.768835,3.719551,298,477.423591,2444024.173,460.906284,797439.0867,307.388613,1.076788,1.042362,0.83869,3.672124,3.768835,13.551854,3.595767,307.388613,471.265747,2231485.815,456.351877,777275.5397,307.547745,0.949604,1,0.837634,3.267002,13.551854,44.020085,3.24827,307.547745,455.18922,2007137.959,446.331361,733214.7246,306.228385,0.93804,0.896537,0.835663,2.16379,44.020085,94.999993,2.158106,306.228385,397.454196,1234273.726,395.310843,513683.628,305.583379,TRUE,Success,1.095066,1.042362,0.896537
13.4,0.848294,7880689.838,,,Success,1.32176,1.09465,0.813009,4.071138,1.01325,3.775671,3.726297,298,477.401579,2434632.03,460.906225,797438.8275,307.367333,1.070806,1.040186,0.838907,3.650171,3.775671,13.496742,3.574661,307.367333,470.299482,2210190.597,455.497545,773503.1757,307.487716,0.949844,1,0.837658,3.266905,13.496742,43.839633,3.248164,307.487716,455.090212,1999108.341,446.242653,732826.4041,306.199484,0.938356,0.897432,0.835756,2.172677,43.839633,95,2.166989,306.199484,397.94487,1236758.871,395.793151,515731.0312,305.601243,TRUE,Success,1.09465,1.040186,0.897432
13.3,0.848955,7808090.471,,,Success,1.311896,1.093855,0.814638,4.079393,1.01325,3.789231,3.73968,298,477.357679,2415856.366,460.906319,797439.2436,307.324652,1.058938,1.0354,0.839269,3.601449,3.789231,13.366905,3.527604,307.324652,468.171576,2165237.454,453.610162,765180.1063,307.358727,0.951713,1,0.837838,3.266137,13.366905,43.406648,3.247322,307.358727,454.829818,1982320.821,446.003004,731777.4831,306.135182,0.940545,0.899815,0.8359,2.194319,43.406648,94.999998,2.188605,306.135182,399.148497,1244675.831,396.973348,520742.6774,305.647101,TRUE,Success,1.093855,1.0354,0.899815
13.25,0.84928,7771977.388,,,Success,1.306964,1.093475,0.815444,4.083477,1.01325,3.795953,3.746314,298,477.335784,2406472.738,460.906465,797439.8911,307.303251,1.053052,1.032957,0.83942,3.576672,3.795953,13.299669,3.503645,307.303251,467.08926,2142677.829,452.64895,760946.9305,307.293232,0.952827,1,0.837941,3.265666,13.299669,43.181459,3.246807,307.293232,454.691855,1973844.854,445.875433,731219.2047,306.102244,0.941844,0.901091,0.835967,2.205749,43.181459,95.000001,2.200018,306.102244,399.782266,1248981.966,397.594457,523381.168,305.671172,TRUE,Success,1.093475,1.032957,0.901091
13.2,0.8496,7736080.303,,,Success,1.302032,1.093107,0.816244,4.087518,1.01325,3.80262,3.752895,298,477.313521,2397086.437,460.906315,797439.2259,307.281793,1.047202,1.030548,0.839552,3.552388,3.80262,13.233765,3.48017,307.281793,466.026163,2120491.159,451.704607,756791.6738,307.228464,0.953858,1,0.838034,3.265221,13.233765,42.96105,3.246321,307.228464,454.557932,1965422.798,445.751889,730678.6037,306.069733,0.943054,0.902337,0.836035,2.217051,42.96105,95.000001,2.211305,306.069733,400.405932,1253079.91,398.205793,525978.8148,305.694489,TRUE,Success,1.093107,1.030548,0.902337
13.15,0.849915,7700371.852,,,Success,1.2971,1.092751,0.817037,4.091529,1.01325,3.809248,3.759436,298,477.291427,2387704.748,460.906349,797439.378,307.260298,1.041384,1.028153,0.839665,3.528381,3.809248,13.168431,3.456963,307.260298,464.973548,2098556.318,450.769232,752679.3733,307.164048,0.954859,1,0.838123,3.264781,13.168431,42.742635,3.245841,307.164048,454.425615,1957025.842,445.629946,730145.0665,306.037398,0.944233,0.903577,0.836104,2.228365,42.742635,95.000001,2.222605,306.037398,401.027724,1257084.945,398.815333,528569.5003,305.717448,TRUE,Success,1.092751,1.028153,0.903577
13.1,0.850226,7664731.582,,,Success,1.292168,1.092408,0.817824,4.095524,1.01325,3.81585,3.765951,298,477.270061,2378335.175,460.906741,797441.1184,307.238596,1.035593,1.025681,0.839757,3.503593,3.81585,13.099687,3.432967,307.238596,463.886824,2076275.431,449.802325,748432.0615,307.098009,0.956118,1,0.838231,3.264216,13.099687,42.511447,3.245226,307.098009,454.281863,1948502.741,445.496606,729561.7221,306.003911,0.945706,0.904931,0.836165,2.24047,42.511447,95.000003,2.234692,306.003911,401.692763,1261618.235,399.466807,531339.1609,305.742153,TRUE,Success,1.092408,1.025681,0.904931
13.05,0.850532,7629672.127,,,Success,1.287236,1.092074,0.818604,4.099424,1.01325,3.822346,3.772362,298,477.246765,2368942.019,460.906094,797438.2468,307.21716,1.029851,1.023538,0.839829,3.482649,3.822346,13.04492,3.412805,307.21716,462.961232,2056257.076,448.981323,744828.5086,307.039051,0.956375,1,0.838252,3.264099,13.04492,42.332052,3.245099,307.039051,454.183872,1940514.282,445.408875,729177.9504,305.97508,0.946045,0.905869,0.836256,2.249944,42.332052,94.999992,2.244162,305.97508,402.203032,1263958.75,399.968308,533471.7635,305.759395,TRUE,Success,1.092074,1.023538,0.905869
13,0.850833,7594237.355,,,Success,1.282304,1.091755,0.819377,4.103319,1.01325,3.828828,3.778759,298,477.22475,2359568.393,460.9063,797439.1595,307.195537,1.024133,1.020961,0.839881,3.456886,3.828828,12.971359,3.387815,307.195537,461.830998,2033612.403,447.973784,740409.7273,306.970857,0.958008,1,0.838386,3.263343,12.971359,42.082699,3.244278,306.970857,454.023819,1931815.285,445.259279,728523.6122,305.939957,0.94795,0.907393,0.836305,2.263265,42.082699,95,2.25746,305.939957,402.932802,1269241.274,400.682551,536509.8409,305.78653,TRUE,Success,1.091755,1.020961,0.907393
12.9,0.851422,7524362.472,,,Success,1.27244,1.091151,0.820898,4.110962,1.01325,3.841612,3.791376,298,477.18022,2340821.499,460.906364,797439.444,307.152138,1.012801,1.016211,0.839924,3.41025,3.841612,12.841349,3.342698,307.152138,459.773431,1991355.355,446.141642,732384.2626,306.843275,0.960063,1,0.838546,3.262361,12.841349,41.647251,3.243215,306.843275,453.759382,1915077.66,445.015572,727457.8107,305.875389,0.950392,0.909949,0.836439,2.286898,41.647251,94.999999,2.281063,305.875389,404.210483,1277107.957,401.934852,541838.8987,305.831531,TRUE,Success,1.091151,1.016211,0.909949
12.85,0.851708,7489720.613,,,Success,1.267508,1.090868,0.821646,4.114709,1.01325,3.847913,3.797595,298,477.157842,2331450.089,460.906345,797439.3599,307.130366,1.007188,1.013882,0.839914,3.38759,3.847913,12.778095,3.320786,307.130366,458.771162,1970735.617,445.248965,728478.504,306.780556,0.960978,1,0.838615,3.261913,12.778095,41.435915,3.24273,306.780556,453.63275,1906780.896,444.899283,726949.3183,305.843675,0.951488,0.911189,0.836509,2.298545,41.435915,94.999991,2.292697,305.843675,404.835656,1280754.011,402.547788,544448.2857,305.852993,TRUE,Success,1.090868,1.013882,0.911189
12.8,0.85199,7455094.298,,,Success,1.262576,1.090597,0.822385,4.118404,1.01325,3.854153,3.803754,298,477.13547,2322081.123,460.906365,797439.4491,307.108549,1.001609,1.01142,0.839887,3.363548,3.854153,12.709001,3.297482,307.108549,457.707459,1949415.167,444.299855,724329.0054,306.714986,0.96234,1,0.838714,3.261234,12.709001,41.202533,3.241996,306.714986,453.48619,1898264.194,444.763134,726354.0465,305.80998,0.953102,0.912625,0.836565,2.311552,41.202533,95,2.305683,305.80998,405.535285,1285333.814,403.232876,547365.6965,305.877494,TRUE,Success,1.090597,1.01142,0.912625
12.75,0.852267,7420743.005,,,Success,1.257645,1.090338,0.823114,4.122041,1.01325,3.860324,3.809844,298,477.11294,2312712.45,460.906277,797439.0564,307.08668,0.996066,1.00906,0.839836,3.340748,3.860324,12.644146,3.27541,307.08668,456.696102,1928887.876,443.397935,720388.8174,306.651708,0.963398,1,0.838788,3.260696,12.644146,40.984934,3.241416,306.651708,453.35371,1889912.887,444.641011,725820.1621,305.777701,0.954369,0.913939,0.836629,2.323809,40.984934,95,2.317925,305.777701,406.189439,1289229.792,403.873923,550096.3912,305.89966,TRUE,Success,1.090338,1.00906,0.913939
12.7,0.852538,7386529.817,,,Success,1.252713,1.090091,0.823833,4.125627,1.01325,3.866433,3.815873,298,477.090581,2303348.382,460.906375,797439.4912,307.064771,0.990557,1.006677,0.839766,3.317801,3.866433,12.578219,3.253184,307.064771,455.676751,1908361.362,442.488259,716417.6613,306.588001,0.96455,1,0.838865,3.260099,12.578219,40.763157,3.240773,306.588001,453.217326,1881523.603,444.514998,725269.3235,305.745045,0.955747,0.915298,0.836691,2.336437,40.763157,94.999998,2.330536,305.745045,406.861652,1293296.471,404.532478,552902.5079,305.922318,TRUE,Success,1.090091,1.006677,0.915298
12.65,0.852805,7352494.529,,,Success,1.247781,1.089857,0.824542,4.129148,1.01325,3.872467,3.821828,298,477.068054,2293984.513,460.906356,797439.4096,307.042809,0.985084,1.004312,0.839675,3.295137,3.872467,12.512843,3.231233,307.042809,454.668228,1888080.521,441.587987,712490.4104,306.524723,0.965672,1,0.838939,3.259508,12.512843,40.543327,3.240137,306.524723,453.082597,1873158.709,444.390632,724725.7394,305.712562,0.957095,0.916653,0.836753,2.34909,40.543327,94.999996,2.343172,305.712562,407.532333,1297270.786,405.189564,555703.2283,305.9446,TRUE,Success,1.089857,1.004312,0.916653
12.6,0.853066,7318622.834,,,Success,1.242849,1.089636,0.825241,4.132606,1.01325,3.878429,3.827711,298,477.045525,2284623.002,460.906369,797439.4679,307.020799,0.979647,1.00195,0.839564,3.272612,3.878429,12.44747,3.209411,307.020799,453.66411,1867960.726,440.691275,708581.4706,306.461587,0.966807,1,0.83901,3.2589,12.44747,40.32337,3.239483,306.461587,452.947637,1864797.04,444.266033,724181.1937,305.680065,0.958461,0.918019,0.836814,2.361888,40.32337,95,2.355954,305.680065,408.208216,1301242.066,405.8517,558526.3592,305.966796,TRUE,Success,1.089636,1.00195,0.918019
12.55,0.853321,7284890.975,,,Success,1.237917,1.089427,0.825927,4.135999,1.01325,3.884313,3.833519,298,477.02298,2275263.679,460.906402,797439.6128,306.998741,0.974247,0.999567,0.839433,3.249955,3.884313,12.38105,3.187449,306.998741,452.652215,1847844.97,439.787015,704642.4035,306.398042,0.968036,1,0.839084,3.258229,12.38105,40.099288,3.238763,306.398042,452.808765,1856397.918,444.137537,723619.6753,305.647198,0.959941,0.919433,0.836871,2.375072,40.099288,95.000001,2.369119,305.647198,408.902573,1305384.409,406.531739,561426.7476,305.989464,TRUE,Success,1.089427,0.999567,0.919433
12.5,0.853571,7251371.835,,,Success,1.232985,1.08923,0.826602,4.13932,1.01325,3.890115,3.839245,298,477.000304,2265905.054,460.90635,797439.3802,306.97663,0.968883,0.997243,0.839278,3.228036,3.890115,12.316945,3.166216,306.97663,451.671696,1828234.67,438.910946,700828.767,306.33588,0.9691,1,0.839146,3.257639,12.316945,39.883874,3.238131,306.33588,452.677761,1848091.4,444.016872,723092.4316,305.615106,0.96123,0.920782,0.836934,2.387884,39.883874,95,2.381915,305.615106,409.573181,1309140.71,407.188792,564230.0046,306.0108,TRUE,Success,1.08923,0.997243,0.920782
12.45,0.853816,7218023.48,,,Success,1.228053,1.089046,0.827265,4.142572,1.01325,3.895838,3.844893,298,476.977747,2256550.365,460.906438,797439.7725,306.954475,0.963555,0.994937,0.839103,3.206391,3.895838,12.253382,3.145249,306.954475,450.701932,1808862.325,438.044273,697058.5419,306.274167,0.970132,1,0.839204,3.257058,12.253382,39.670413,3.237507,306.274167,452.548479,1839809.108,443.897919,722572.7196,305.583188,0.962487,0.922125,0.836997,2.400716,39.670413,94.99999,2.394732,305.583188,410.241989,1312801.682,407.844115,567026.7773,306.031747,TRUE,Success,1.089046,0.994937,0.922125
12.4,0.854054,7184776.037,,,Success,1.223121,1.088875,0.827914,4.145742,1.01325,3.901468,3.85045,298,476.954943,2247194.935,460.906338,797439.3303,306.932261,0.958266,0.992565,0.83891,3.184143,3.901468,12.186902,3.123671,306.932261,449.702592,1789215.412,437.150163,693171.5464,306.211059,0.971407,1,0.839272,3.256328,12.186902,39.445661,3.236726,306.211059,452.408619,1831416.465,443.768432,722007.0445,305.550256,0.964031,0.92358,0.837052,2.41438,39.445661,94.999998,2.408376,305.550256,410.953667,1316949.225,408.540956,570001.7308,306.054164,TRUE,Success,1.088875,0.992565,0.92358
12.35,0.854287,7151782.382,,,Success,1.218189,1.088717,0.82855,4.14884,1.01325,3.907015,3.855924,298,476.932338,2237844.448,460.906451,797439.8279,306.910005,0.953012,0.990313,0.83869,3.163261,3.907015,12.125225,3.10345,306.910005,448.76419,1770440.234,436.311311,689527.1309,306.15071,0.972316,1,0.839319,3.255799,12.125225,39.239181,3.236161,306.15071,452.285695,1823213.882,443.655801,721515.0512,305.518961,0.965147,0.924884,0.837119,2.427067,39.239181,94.999992,2.421049,305.518961,411.608524,1320283.818,409.182796,572742.7888,306.073898,TRUE,Success,1.088717,0.990313,0.924884
12.3,0.854515,7118814.724,,,Success,1.213257,1.088571,0.829172,4.151847,1.01325,3.912461,3.861299,298,476.909446,2228492.733,460.906337,797439.326,306.887689,0.947799,0.987899,0.83846,3.140744,3.912461,12.056585,3.081586,306.887689,447.747913,1750783.538,435.40088,685574.2952,306.086754,0.973791,1,0.839391,3.254928,12.056585,39.005818,3.235229,306.086754,452.13749,1814742.309,443.518008,720913.2082,305.485254,0.966937,0.926441,0.837165,2.441574,39.005818,94.999999,2.435534,305.485254,412.359998,1324796.143,409.918177,575884.4077,306.097267,TRUE,Success,1.088571,0.987899,0.926441
12.25,0.854736,7086072.369,,,Success,1.208325,1.088438,0.829779,4.15477,1.01325,3.917811,3.866579,298,476.886566,2219143.62,460.906269,797439.0235,306.865322,0.942622,0.985572,0.838204,3.119255,3.917811,11.991403,3.060741,306.865322,446.776982,1731798.841,434.531482,681802.0564,306.024851,0.975005,1,0.839448,3.254196,11.991403,38.785584,3.234449,306.024851,452.001448,1806408.455,443.392318,720364.287,305.452724,0.968423,0.927892,0.837221,2.455422,38.785584,95.000001,2.449364,305.452724,413.072076,1328721.453,410.615424,578864.2013,306.118668,TRUE,Success,1.088438,0.985572,0.927892
12.2,0.854951,7053488.805,,,Success,1.203393,1.088318,0.830371,4.157607,1.01325,3.923065,3.871764,298,476.86383,2209798.75,460.906364,797439.4429,306.84291,0.937483,0.983251,0.837927,3.097912,3.923065,11.926252,3.040034,306.84291,445.810643,1712971.234,433.665883,678048.6527,305.963135,0.976232,1,0.839502,3.253446,11.926252,38.565313,3.233649,305.963135,451.865231,1798078.385,443.266454,719814.6585,305.420188,0.969927,0.929356,0.837275,2.469431,38.565313,94.999996,2.463353,305.420188,413.789601,1332640.436,411.317947,581867.6239,306.139937,TRUE,Success,1.088318,0.983251,0.929356
12.15,0.85516,7021067.28,,,Success,1.198461,1.088207,0.830947,4.160294,1.01325,3.928156,3.876789,298,476.839085,2200431.261,460.904687,797432.001,306.820375,0.932397,0.980947,0.837631,3.076826,3.928156,11.861359,3.019574,306.820375,444.853705,1694360.49,432.80848,674333.0647,305.901822,0.977452,1,0.839553,3.252687,11.861359,38.345887,3.232841,305.901822,451.729794,1789761.468,443.141356,719268.4356,305.38773,0.971428,0.930825,0.837329,2.483546,38.345887,94.999997,2.477449,305.38773,414.509583,1336514.061,412.022852,584882.3302,306.160951,TRUE,Success,1.088207,0.980947,0.930825
12.1,0.855363,6988821.828,,,Success,1.193529,1.088111,0.831506,4.162912,1.01325,3.933168,3.881735,298,476.8153,2191078.319,460.903904,797428.529,306.797822,0.927343,0.978676,0.837312,3.056178,3.933168,11.797715,2.999545,306.797822,443.915454,1676078.475,431.9678,670692.1243,305.841359,0.978584,1,0.839598,3.251973,11.797715,38.131163,3.23208,305.841359,451.59868,1781496.347,443.02056,718741.0485,305.35569,0.972827,0.932264,0.837385,2.497514,38.131163,94.999992,2.4914,305.35569,415.218381,1340168.687,412.716938,587851.8528,306.181171,TRUE,Success,1.088111,0.978676,0.932264
12.05,0.855559,6956714.651,,,Success,1.188597,1.088035,0.832048,4.16553,1.01325,3.938171,3.886672,298,476.795071,2181771.862,460.906348,797439.3745,306.775341,0.922304,0.976374,0.836973,3.035296,3.938171,11.732903,2.979277,306.775341,442.964144,1657730.728,431.114809,667000.0429,305.780297,0.979826,1,0.839644,3.251177,11.732903,37.911753,3.231234,305.780297,451.462766,1773186.808,442.895003,718192.9265,305.323223,0.974362,0.933758,0.837437,2.511952,37.911753,94.999998,2.505819,305.323223,415.949118,1344025.254,413.432255,590913.357,306.201893,TRUE,Success,1.088035,0.976374,0.933758
12,0.855749,6924747.908,,,Success,1.183665,1.087968,0.832572,4.167964,1.01325,3.942977,3.891415,298,476.772076,2172433.551,460.906342,797439.3475,306.75271,0.917323,0.974058,0.836618,3.014356,3.942977,11.667033,2.95894,306.75271,442.006832,1639408.358,430.25593,663284.6619,305.718935,0.98117,1,0.839691,3.250301,11.667033,37.688054,3.230303,305.718935,451.322708,1764838.045,442.765316,717626.8338,305.290375,0.976026,0.935306,0.837485,2.526846,37.688054,94.999999,2.520693,305.290375,416.700823,1348067.953,414.167857,594062.8989,306.223051,TRUE,Success,1.087968,0.974058,0.935306
11.95,0.855933,6892953.659,,,Success,1.178733,1.087913,0.833077,4.170288,1.01325,3.947662,3.896039,298,476.749072,2163097.575,460.90636,797439.4242,306.730024,0.912383,0.971778,0.83624,2.993858,3.947662,11.602329,2.939038,306.730024,441.068244,1621412.535,429.413828,659643.961,305.658432,0.982434,1,0.839731,3.249465,11.602329,37.468738,3.229415,305.658432,451.186731,1756537.895,442.639686,717078.5073,305.257917,0.977597,0.936827,0.837535,2.541621,37.468738,94.999998,2.535447,305.257917,417.442583,1351905.654,414.893834,597172.4617,306.243447,TRUE,Success,1.087913,0.971778,0.936827
11.9,0.85611,6861316.894,,,Success,1.173802,1.087871,0.833563,4.172497,1.01325,3.952221,3.900539,298,476.726052,2153763.87,460.906395,797439.5826,306.707284,0.907484,0.969509,0.835843,2.973562,3.952221,11.537833,2.919329,306.707284,440.136715,1603598.661,428.577831,656031.6948,305.598252,0.983695,1,0.839769,3.248617,11.537833,37.250079,3.228516,305.598252,451.05125,1748248.317,442.514548,716532.3828,305.225518,0.979169,0.938355,0.837585,2.556524,37.250079,94.999999,2.55033,305.225518,418.187691,1355706.047,415.623047,600297.1277,306.263591,TRUE,Success,1.087871,0.969509,0.938355
11.85,0.85628,6829835.891,,,Success,1.16887,1.087843,0.834028,4.174586,1.01325,3.956648,3.904908,298,476.702947,2144431.614,460.906388,797439.5504,306.684486,0.902626,0.96725,0.835425,2.953452,3.956648,11.473481,2.899799,306.684486,439.211559,1585957.29,427.747318,652445.1076,305.538367,0.98496,1,0.839804,3.247754,11.473481,37.031827,3.227602,305.538367,450.916027,1739966.733,442.389666,715987.4344,305.193153,0.980749,0.939893,0.837633,2.571574,37.031827,95,2.565361,305.193153,418.937083,1359480.254,416.356398,603440.799,306.283511,TRUE,Success,1.087843,0.96725,0.939893
11.8,0.856444,6798504.185,,,Success,1.163938,1.087828,0.834473,4.176547,1.01325,3.960936,3.90914,298,476.679704,2135100.159,460.906288,797439.1084,306.661628,0.897811,0.96499,0.83499,2.933403,3.960936,11.408761,2.88032,306.661628,438.286401,1568410.725,426.916454,648858.9604,305.478485,0.986271,1,0.839837,3.246846,11.408761,36.811962,3.22664,305.478485,450.779065,1731672.376,442.263058,715435.0053,305.160642,0.982392,0.94146,0.83768,2.586917,36.811962,95,2.580683,305.160642,419.69829,1363320.926,417.101169,606634.7383,306.303477,TRUE,Success,1.087828,0.96499,0.94146
11.75,0.8566,6767327.684,,,Success,1.159006,1.087822,0.834895,4.178325,1.01325,3.965029,3.91318,298,476.654543,2125748.084,460.904497,797431.1591,306.638648,0.893051,0.96275,0.834536,2.913624,3.965029,11.344356,2.861103,306.638648,437.37139,1551081.182,426.094539,645313.3426,305.419072,0.987572,1,0.839867,3.245931,11.344356,36.593165,3.225672,305.419072,450.643096,1723393.005,442.137431,714886.9106,305.128227,0.984026,0.943031,0.837726,2.602368,36.593165,94.999997,2.596113,305.128227,420.461522,1367105.414,417.847889,609838.3903,306.323119,TRUE,Success,1.087822,0.96275,0.943031
11.7,0.856749,6736281.022,,,Success,1.154074,1.087785,0.835293,4.179439,1.01325,3.96844,3.916545,298,476.61066,2116174.078,460.885911,797348.687,306.614973,0.888452,0.960551,0.834079,2.894259,3.96844,11.279406,2.842277,306.614973,436.47035,1534019.276,425.285017,641823.0108,305.360243,0.988936,1,0.839895,3.244957,11.279406,36.372034,3.224641,305.360243,450.505587,1715096.764,442.010214,714331.9365,305.095628,0.985743,0.94464,0.837769,2.618174,36.372034,94.999998,2.611897,305.095628,421.239623,1370990.905,418.608973,613105.0731,306.342893,TRUE,Success,1.087785,0.960551,0.94464
11.65,0.856891,6705375.088,,,Success,1.149142,1.087693,0.835666,4.179608,1.01325,3.970882,3.918956,298,476.538191,2106263.175,460.841657,797152.3249,306.590273,0.884075,0.958489,0.833618,2.876234,3.970882,11.216801,2.824763,306.590273,435.628366,1517761.757,424.529229,638565.9823,305.304055,0.990115,1,0.839916,3.244103,11.216801,36.160034,3.223739,305.304055,450.378516,1706903.232,441.893268,713821.8226,305.063885,0.987233,0.946174,0.837818,2.633506,36.160034,95,2.62721,305.063885,421.989432,1374446.924,419.342696,616255.681,306.36125,TRUE,Success,1.087693,0.958489,0.946174
11.6,0.857027,6674724.797,,,Success,1.14421,1.087904,0.836023,4.183059,1.01325,3.976642,3.92464,298,476.586762,2097799.672,460.906236,797438.8759,306.56963,0.878977,0.95607,0.833056,2.855169,3.976642,11.151656,2.80429,306.56963,434.653499,1499971.744,423.651718,634786.3286,305.242194,0.991524,1,0.839939,3.243067,11.151656,35.937831,3.222645,305.242194,450.234831,1698585.54,441.760228,713241.5569,305.031056,0.989021,0.947822,0.837858,2.649773,35.937831,95,2.643454,305.031056,422.783802,1378367.84,420.119479,619592.655,306.380773,TRUE,Success,1.087904,0.95607,0.947822
11.55,0.857156,6643384.287,,,Success,1.139278,1.086192,0.836308,4.163808,1.01325,3.959387,3.907611,298,475.835273,2079855.616,460.25146,794534.3673,306.52182,0.878933,0.955929,0.833068,2.853783,3.959387,11.097802,2.802909,306.52182,434.515536,1492441.286,423.538653,634299.4814,305.216073,0.991999,1,0.839945,3.242715,11.097802,35.760149,3.222273,305.216073,450.17665,1690877.42,441.709472,713020.2006,305.003317,0.989606,0.949043,0.837935,2.662915,35.760149,95,2.656588,305.003317,423.414826,1380209.965,420.738388,622252.5161,306.394222,TRUE,Success,1.086192,0.955929,0.949043
11.5,0.857284,6611877.609,,,Success,1.134346,1.083898,0.836568,4.137849,1.01325,3.935327,3.883866,298,474.844781,2059172.123,459.381316,790677.4875,306.465844,0.880398,0.956468,0.833255,2.85825,3.935327,11.047275,2.807206,306.465844,434.626752,1487933.21,423.653301,634793.144,305.200522,0.992197,1,0.839948,3.242567,11.047275,35.595619,3.222118,305.200522,450.143784,1683349.979,441.68309,712905.1425,304.977062,0.989834,0.950142,0.838024,2.675197,35.595619,95,2.668868,304.977062,423.999573,1381422.297,421.312595,624721.1352,306.405786,TRUE,Success,1.083898,0.956468,0.950142
11.45,0.85741,6580450.203,,,Success,1.129414,1.081598,0.836819,4.111928,1.01325,3.911296,3.860149,298,473.853757,2038586.118,458.510172,786819.5409,306.409781,0.881876,0.95701,0.83344,2.862741,3.911296,10.996708,2.811525,306.409781,434.738793,1483418.851,423.768752,635290.3015,305.18493,0.9924,1,0.839951,3.242416,10.996708,35.430923,3.221957,305.18493,450.110652,1675821.811,441.656461,712789.0158,304.950767,0.990068,0.951252,0.838111,2.687606,35.430923,95,2.681274,304.950767,424.588557,1382623.424,421.890918,627208.313,306.417225,TRUE,Success,1.081598,0.95701,0.951252
11.4,0.857535,6549101.855,,,Success,1.124482,1.079291,0.837062,4.086045,1.01325,3.887293,3.83646,298,472.862161,2018097.179,457.637997,782960.3536,306.353632,0.883365,0.957554,0.833624,2.867255,3.887293,10.946099,2.815866,306.353632,434.851668,1478898.154,423.885014,635790.9911,305.169296,0.992609,1,0.839953,3.242259,10.946099,35.266054,3.221792,305.169296,450.077244,1668292.839,441.629578,712671.7788,304.92443,0.990311,0.952373,0.838196,2.700144,35.266054,95,2.693809,304.92443,425.181863,1383813.682,422.473437,629714.4192,306.428537,TRUE,Success,1.079291,0.957554,0.952373
11.35,0.857658,6517832.378,,,Success,1.11955,1.076977,0.837294,4.0602,1.01325,3.863319,3.8128,298,471.869967,1997705.046,456.76477,779099.8045,306.2974,0.884867,0.9581,0.833807,2.871793,3.863319,10.895447,2.820229,306.2974,434.965389,1474371.113,424.002102,636295.2687,305.153621,0.992825,1,0.839956,3.242097,10.895447,35.10101,3.221622,305.153621,450.043555,1660763.039,441.602434,712553.4089,304.898052,0.99056,0.953505,0.838281,2.712813,35.10101,95,2.706475,304.898052,425.779554,1384993.18,423.060216,632239.7492,306.439718,TRUE,Success,1.076977,0.9581,0.953505
11.3,0.85778,6486641.591,,,Success,1.114618,1.074657,0.837518,4.034393,1.01325,3.839374,3.789168,298,470.877151,1977409.519,455.890473,775237.7921,306.241085,0.886382,0.95865,0.833988,2.876355,3.839374,10.844752,2.824615,306.241085,435.079963,1469837.62,424.120019,636803.1568,305.137904,0.993046,1,0.839959,3.241931,10.844752,34.935785,3.221446,305.137904,450.009579,1653232.371,441.575023,712433.876,304.871632,0.990818,0.95465,0.838363,2.725617,34.935785,95,2.719275,304.871632,426.381705,1386162.081,423.651322,634784.6243,306.450765,TRUE,Success,1.074657,0.95865,0.95465
11.25,0.8579,6455529.379,,,Success,1.109686,1.072331,0.837731,4.008626,1.01325,3.81546,3.765566,298,469.883761,1957211.195,455.015152,771374.4879,306.184694,0.887909,0.959201,0.834168,2.880939,3.81546,10.794013,2.82902,306.184694,435.195335,1465296.865,424.238717,637314.4466,305.122141,0.993274,1,0.839961,3.241759,10.794013,34.770377,3.221265,305.122141,449.975304,1645700.787,441.547334,712313.1378,304.845169,0.991083,0.955806,0.838444,2.738556,34.770377,95,2.732211,304.845169,426.988385,1387320.532,424.246823,637349.365,306.461674,TRUE,Success,1.072331,0.959201,0.955806
11.2,0.858019,6424495.395,,,Success,1.104754,1.069998,0.837935,3.982894,1.01325,3.791571,3.741989,298,468.889571,1937107.565,454.138608,767508.989,306.128221,0.88945,0.959756,0.834346,2.88555,3.791571,10.743231,2.833452,306.128221,435.311725,1460751.269,424.358397,637830.004,305.106341,0.993508,1,0.839964,3.241583,10.743231,34.604794,3.221079,305.106341,449.940745,1638168.401,441.519383,712191.2561,304.818665,0.991357,0.956974,0.838524,2.751633,34.604794,95,2.745284,304.818665,427.599624,1388468.16,424.846746,639934.1155,306.47244,TRUE,Success,1.069998,0.959756,0.956974
11.15,0.858136,6393539.451,,,Success,1.099822,1.067657,0.838129,3.957195,1.01325,3.767706,3.718437,298,467.894528,1917098.097,453.260797,763641.0668,306.071667,0.891006,0.960314,0.834523,2.89019,3.767706,10.692407,2.837909,306.071667,435.429171,1456201.091,424.479094,638349.9831,305.090506,0.993748,1,0.839967,3.241401,10.692407,34.439033,3.220887,305.090506,449.905898,1630635.193,441.491165,712068.2126,304.79212,0.991638,0.958154,0.838602,2.76485,34.439033,95,2.758498,304.79212,428.215491,1389605.07,425.451156,642539.1913,306.48306,TRUE,Success,1.067657,0.960314,0.958154
11.1,0.858251,6362662.175,,,Success,1.094891,1.065313,0.838313,3.93156,1.01325,3.743896,3.694938,298,466.899688,1897194.905,452.382674,759774.9129,306.015072,0.892569,0.960872,0.834697,2.894829,3.743896,10.641518,2.842365,306.015072,435.546442,1451631.792,424.599684,638869.5362,305.074581,0.993997,1,0.839969,3.241212,10.641518,34.273005,3.220688,305.074581,449.870612,1623100.059,441.462534,711943.3705,304.765522,0.99193,0.959348,0.838678,2.778217,34.273005,95,2.771861,304.765522,428.836405,1390735.419,426.060457,645166.3567,306.493541,TRUE,Success,1.065313,0.960872,0.959348
11.05,0.858365,6331861.868,,,Success,1.089959,1.062958,0.838486,3.905931,1.01325,3.720083,3.671437,298,465.902913,1877373.725,451.502313,755902.0085,305.958364,0.894153,0.961436,0.834871,2.899526,3.720083,10.590611,2.846875,305.958364,435.666054,1447072.509,424.722466,639398.5791,305.058673,0.99425,1,0.839972,3.241019,10.590611,34.106899,3.220484,305.058673,449.835188,1615565.315,441.433782,711818.0027,304.738894,0.992228,0.960553,0.838752,2.79172,34.106899,95,2.78536,304.738894,429.46167,1391850.318,426.673974,647812.7417,306.503853,TRUE,Success,1.062958,0.961436,0.960553
11,0.858477,6301139.519,,,Success,1.085027,1.060598,0.838649,3.880353,1.01325,3.696312,3.647976,298,464.905808,1857652.91,450.621165,752028.7275,305.901602,0.895749,0.962002,0.835043,2.904235,3.696312,10.539646,2.851395,305.901602,435.78603,1442500.062,424.845634,639929.3237,305.042697,0.994511,1,0.839974,3.24082,10.539646,33.94055,3.220274,305.042697,449.799365,1608028.961,441.404655,711691.0062,304.712216,0.992536,0.961772,0.838825,2.805376,33.94055,95,2.799012,304.712216,430.092019,1392957.586,427.292415,650481.4291,306.514015,TRUE,Success,1.060598,0.962002,0.961772
10.95,0.858588,6270494.655,,,Success,1.080095,1.058231,0.838802,3.854814,1.01325,3.67257,3.624544,298,463.907904,1838027.218,449.738811,748153.1918,305.844773,0.897358,0.96257,0.835213,2.908968,3.67257,10.488632,2.855938,305.844773,435.906931,1437920.801,424.969701,640463.9865,305.026676,0.994779,1,0.839977,3.240614,10.488632,33.774,3.220058,305.026676,449.763209,1600491.537,441.375218,711562.6601,304.685494,0.992853,0.963005,0.838896,2.819182,33.774,95,2.812815,304.685494,430.727339,1394055.099,427.915668,653171.9684,306.524014,TRUE,Success,1.058231,0.96257,0.963005
10.9,0.858697,6239927.105,,,Success,1.075163,1.055857,0.838943,3.829314,1.01325,3.648857,3.601142,298,462.90916,1818496.287,448.855216,744275.2277,305.787877,0.898982,0.963141,0.835381,2.913726,3.648857,10.437571,2.860504,305.787877,436.028783,1433334.847,425.094693,641002.6727,305.01061,0.995055,1,0.839979,3.240402,10.437571,33.60725,3.219835,305.01061,449.726715,1592953.026,441.345466,711432.942,304.658728,0.993179,0.964251,0.838966,2.833143,33.60725,95,2.826771,304.658728,431.367704,1395142.946,428.543803,655884.7037,306.533848,TRUE,Success,1.055857,0.963141,0.964251
10.85,0.858804,6209436.695,,,Success,1.070231,1.053477,0.839074,3.803851,1.01325,3.625173,3.577768,298,461.909525,1799059.66,447.970339,740394.6251,305.730917,0.900621,0.963715,0.835547,2.918509,3.625173,10.386461,2.865093,305.730917,436.151618,1428742.375,425.220637,641545.5073,304.994499,0.995338,1,0.839982,3.240184,10.386461,33.440296,3.219605,304.994499,449.689876,1585413.399,441.315393,711301.8267,304.631917,0.993516,0.965511,0.839033,2.84726,33.440296,95,2.840884,304.631917,432.013195,1396221.26,429.176898,658620.0015,306.54351,TRUE,Success,1.053477,0.963715,0.965511
10.8,0.858909,6179023.268,,,Success,1.065299,1.051089,0.839193,3.778427,1.01325,3.601519,3.554423,298,460.908969,1779717.094,447.084152,736511.2462,305.673893,0.902274,0.964292,0.835712,2.923318,3.601519,10.335301,2.869706,305.673893,436.275452,1424143.389,425.347548,642092.5585,304.978344,0.995629,1,0.839984,3.239959,10.335301,33.273135,3.219368,304.978344,449.652686,1577872.634,441.284992,711169.2868,304.605061,0.993862,0.966785,0.839099,2.861537,33.273135,95,2.855156,304.605061,432.663894,1397290.151,429.815027,661378.2274,306.552997,TRUE,Success,1.051089,0.964292,0.966785
10.75,0.859013,6148686.692,,,Success,1.060367,1.048694,0.839301,3.753042,1.01325,3.577894,3.531107,298,459.907501,1760468.798,446.196668,732625.1157,305.616808,0.903942,0.964872,0.835874,2.928152,3.577894,10.284091,2.874342,305.616808,436.400247,1419537.277,425.475394,642643.6798,304.962142,0.995928,1,0.839986,3.239728,10.284091,33.105761,3.219124,304.962142,449.615131,1570330.646,441.25425,711035.2628,304.578159,0.994218,0.968074,0.839162,2.875977,33.105761,95,2.869591,304.578159,433.319903,1398349.97,430.45829,664159.843,306.562304,TRUE,Success,1.048694,0.964872,0.968074
10.7,0.859115,6118426.765,,,Success,1.055435,1.046292,0.839397,3.727694,1.01325,3.554298,3.507819,298,458.904997,1741313.552,445.307778,728735.7384,305.559663,0.905627,0.965455,0.836035,2.933013,3.554298,10.23283,2.879002,305.559663,436.526098,1414924.935,425.604261,643199.2487,304.945895,0.996235,1,0.839988,3.239489,10.23283,32.93817,3.218872,304.945895,449.577207,1562787.421,441.223164,710899.7416,304.551211,0.994585,0.969377,0.839224,2.890582,32.93817,95,2.884192,304.551211,433.981309,1399400.857,431.106766,666965.2408,306.571425,TRUE,Success,1.046292,0.965455,0.969377
10.65,0.859215,6088243.403,,,Success,1.050503,1.043883,0.839481,3.702386,1.01325,3.530732,3.484561,298,457.90153,1722252.256,444.417549,724843.3851,305.50246,0.907326,0.96604,0.836193,2.937899,3.530732,10.181518,2.883685,305.50246,436.652947,1410305.511,425.734098,643759.042,304.9296,0.996551,1,0.83999,3.239243,10.181518,32.770367,3.218613,304.9296,449.538908,1555242.973,441.191728,710762.6992,304.524216,0.994962,0.970696,0.839284,2.905356,32.770367,95,2.898961,304.524216,434.648175,1400442.662,431.760515,669794.7125,306.580354,TRUE,Success,1.043883,0.96604,0.970696
10.6,0.859313,6058136.356,,,Success,1.045571,1.041467,0.839554,3.677113,1.01325,3.507191,3.461329,298,456.896863,1703282.471,443.52577,720947.1077,305.445196,0.909043,0.96663,0.83635,2.942815,3.507191,10.130156,2.888396,305.445196,436.781006,1405681.186,425.865097,644323.8959,304.913266,0.996874,1,0.839992,3.23899,10.130156,32.602351,3.218346,304.913266,449.500242,1547697.343,441.159948,710624.1614,304.497176,0.99535,0.97203,0.839342,2.9203,32.602351,95,2.9139,304.497176,435.320573,1401475.356,432.419605,672648.6017,306.589087,TRUE,Success,1.041467,0.96663,0.97203
10.55,0.859409,6028105.602,,,Success,1.040639,1.039044,0.839614,3.651881,1.01325,3.483683,3.438128,298,455.891204,1684406.597,442.632632,717047.7211,305.38788,0.910775,0.967221,0.836504,2.947753,3.483683,10.078735,2.893126,305.38788,436.90996,1401048.269,425.996971,644892.57,304.896877,0.997207,1,0.839993,3.238728,10.078735,32.434088,3.218071,304.896877,449.461152,1540150.131,441.127771,710483.8953,304.470087,0.99575,0.97338,0.839398,2.935422,32.434088,95,2.929017,304.470087,435.998733,1402500.605,433.084254,675527.897,306.59762,TRUE,Success,1.039044,0.967221,0.97338
10.5,0.859504,5998150.944,,,Success,1.035707,1.036613,0.839662,3.626687,1.01325,3.460203,3.414954,298,454.884369,1665622.779,441.73797,713144.4833,305.330509,0.912524,0.967816,0.836656,2.95272,3.460203,10.027263,2.897883,305.330509,437.040071,1396409.465,426.12996,645466.1046,304.880444,0.997549,1,0.839995,3.238459,10.027263,32.265607,3.217788,304.880444,449.421672,1532601.66,441.09523,710342.0481,304.442951,0.996162,0.974746,0.839451,2.950722,32.265607,95,2.944312,304.442951,436.682613,1403517.04,433.75442,678432.4569,306.605943,TRUE,Success,1.036613,0.967816,0.974746
10.45,0.859596,5968272.257,,,Success,1.030775,1.034174,0.839697,3.60153,1.01325,3.436751,3.39181,298,453.876341,1646930.981,440.84177,709237.3135,305.273084,0.914289,0.968414,0.836806,2.957714,3.436751,9.975736,2.902665,305.273084,437.17129,1391764.036,426.264021,646044.3062,304.863964,0.9979,1,0.839996,3.238182,9.975736,32.096892,3.217496,304.863964,449.381779,1525051.747,441.062302,710198.5138,304.415767,0.996585,0.976129,0.839503,2.966204,32.096892,95,2.959788,304.415767,437.372369,1404525.493,434.43025,681362.9759,306.614054,TRUE,Success,1.034174,0.968414,0.976129
10.4,0.859687,5938469.417,,,Success,1.025843,1.031729,0.839719,3.576412,1.01325,3.413328,3.368693,298,452.867076,1628330.902,439.943996,705326.0316,305.215607,0.916072,0.969015,0.836953,2.962735,3.413328,9.924153,2.907471,305.215607,437.303638,1387112.033,426.399173,646627.2678,304.847436,0.99826,1,0.839997,3.237896,9.924153,31.927939,3.217195,304.847436,449.341463,1517500.364,441.028978,710053.2583,304.388534,0.99702,0.977528,0.839552,2.981872,31.927939,95,2.97545,304.388534,438.068101,1405526.118,435.111838,684319.9028,306.621944,TRUE,Success,1.031729,0.969015,0.977528
10.35,0.859776,5908742.301,,,Success,1.020911,1.029276,0.839728,3.551331,1.01325,3.389934,3.345605,298,451.856526,1609822.196,439.044605,701410.4367,305.158078,0.917873,0.96962,0.837098,2.967784,3.389934,9.872514,2.912302,305.158078,437.437133,1382453.436,426.535433,647215.0569,304.830861,0.99863,1,0.839998,3.237601,9.872514,31.758742,3.216885,304.830861,449.300714,1509947.447,440.995247,709906.2327,304.361252,0.997468,0.978945,0.839599,2.99773,31.758742,95,2.991302,304.361252,438.769922,1406519.222,435.79929,687303.7541,306.629608,TRUE,Success,1.029276,0.96962,0.978945
10.3,0.859863,5879090.81,,,Success,1.015979,1.026815,0.839723,3.52629,1.01325,3.36657,3.322546,298,450.844698,1591405.1,438.143607,697490.5436,305.100502,0.919692,0.970228,0.837241,2.972859,3.36657,9.820816,2.917158,305.100502,437.571743,1377787.695,426.672771,647807.5517,304.814235,0.99901,1,0.839999,3.237297,9.820816,31.589298,3.216566,304.814235,449.259516,1502392.934,440.961095,709757.3793,304.33392,0.997929,0.98038,0.839643,3.013781,31.589298,95,3.007348,304.33392,439.477946,1407505.081,436.492713,690315.0451,306.637039,TRUE,Success,1.026815,0.970228,0.98038
10.25,0.859947,5849514.791,,,Success,1.011048,1.024346,0.839705,3.501284,1.01325,3.343232,3.299514,298,449.831404,1573077.809,437.240832,693565.5957,305.042874,0.921529,0.970839,0.837381,2.977965,3.343232,9.76906,2.922041,305.042874,437.707634,1373116.417,426.811341,648405.4136,304.797564,0.9994,1,0.84,3.236984,9.76906,31.419605,3.216236,304.797564,449.217872,1494836.847,440.926525,709606.7045,304.306539,0.998404,0.981833,0.839685,3.030029,31.419605,95,3.02359,304.306539,440.192265,1408483.718,437.192192,693354.2037,306.64423,TRUE,Success,1.024346,0.970839,0.981833
10.2,0.86003,5820014.179,,,Success,1.006116,1.02187,0.839674,3.476316,1.01325,3.319923,3.27651,298,448.816714,1554841.262,436.336346,689635.8646,304.985198,0.923385,0.971453,0.837519,2.983098,3.319923,9.717244,2.926948,304.985198,437.844696,1368438.201,426.951043,649008.2129,304.780843,0.999801,1,0.84,3.236661,9.717244,31.249654,3.215897,304.780843,449.175759,1487279.06,440.891514,709454.1113,304.279107,0.998892,0.983304,0.839725,3.046479,31.249654,95,3.040034,304.279107,440.91302,1409455.656,437.897861,696421.8618,306.651174,TRUE,Success,1.02187,0.971453,0.983304
10.15,0.860111,5790588.869,,,Success,1.001184,1.019386,0.839628,3.451386,1.01325,3.296643,3.253534,298,447.800549,1536694.823,435.430079,685701.0256,304.927476,0.92526,0.972071,0.837654,2.98826,3.296643,9.665368,2.931882,304.927476,437.982982,1363753.395,427.091924,649616.1568,304.764072,1.000212,1,0.84,3.236328,9.665368,31.079442,3.215547,304.764072,449.133167,1479719.535,440.856053,709299.5628,304.251624,0.999394,0.984795,0.839763,3.063135,31.079442,95,3.056683,304.251624,441.640326,1410421.115,438.609826,699518.545,306.657864,TRUE,Success,1.019386,0.972071,0.984795
10.1,0.86019,5761238.77,,,Success,0.996252,1.016894,0.839567,3.426493,1.01325,3.273391,3.230586,298,446.782851,1518638.095,434.521979,681760.8397,304.869708,0.927154,0.972692,0.837786,2.993451,3.273391,9.613429,2.936841,304.869708,438.122515,1359062.047,427.234008,650229.3442,304.747251,1.000634,1,0.84,3.235985,9.613429,30.908963,3.215186,304.747251,449.090084,1472158.212,440.82013,709143.0066,304.224089,0.99991,0.986305,0.839797,3.080001,30.908963,95,3.073542,304.224089,442.374311,1411380.415,439.328206,702644.8303,306.664292,TRUE,Success,1.016894,0.972692,0.986305
10.05,0.860267,5731963.8,,,Success,0.99132,1.014394,0.839493,3.401638,1.01325,3.250167,3.207665,298,445.763561,1500670.682,433.611996,677815.0645,304.811894,0.929068,0.973317,0.837916,2.99867,3.250167,9.561428,2.941827,304.811894,438.26332,1354364.21,427.377317,650847.8783,304.730381,1.001068,1,0.839999,3.235631,9.561428,30.738211,3.214814,304.730381,449.046497,1464595.031,440.783734,708984.3898,304.196502,1.000442,0.987836,0.839829,3.097081,30.738211,95,3.090616,304.196502,443.115102,1412333.877,440.053121,705801.3063,306.670449,TRUE,Success,1.014394,0.973317,0.987836
10,0.860341,5702763.888,,,Success,0.986388,1.011886,0.839403,3.37682,1.01325,3.226971,3.184772,298,444.742629,1482792.28,432.700084,673863.4874,304.754036,0.931003,0.973946,0.838042,3.003919,3.226971,9.509362,2.946839,304.754036,438.405412,1349659.824,427.521865,651471.8217,304.71346,1.001514,1,0.839998,3.235266,9.509362,30.56718,3.21443,304.71346,449.002393,1457029.922,440.74685,708823.6528,304.168863,1.000989,0.989387,0.839859,3.114381,30.56718,95,3.107909,304.168863,443.862837,1413281.862,440.784698,708988.5911,306.676329,TRUE,Success,1.011886,0.973946,0.989387
9.95,0.860414,5673638.968,,,Success,0.981456,1.00937,0.839298,3.352039,1.01325,3.203802,3.161907,298,443.719991,1465002.473,431.786187,669905.8493,304.696133,0.932958,0.974578,0.838166,3.009197,3.203802,9.45723,2.951877,304.696133,438.548819,1344948.96,427.667679,652101.2865,304.696488,1.001971,1,0.839997,3.234889,9.45723,30.395865,3.214034,304.696488,448.957757,1449462.82,440.709466,708660.7392,304.141169,1.001552,0.990959,0.839885,3.131905,30.395865,95,3.125425,304.141169,444.617652,1414224.716,441.523065,712207.3087,306.681922,TRUE,Success,1.00937,0.974578,0.990959
9.9,0.860485,5644588.993,,,Success,0.976524,1.006846,0.839178,3.327296,1.01325,3.180663,3.13907,298,442.695647,1447301.5,430.870307,665942.1419,304.638189,0.934934,0.975213,0.838286,3.014504,3.180663,9.405032,2.956941,304.638189,438.693493,1340230.904,427.814716,652736.0904,304.679462,1.002441,1,0.839995,3.2345,9.405032,30.224256,3.213626,304.679462,448.912568,1441893.611,440.67156,708495.5591,304.113422,1.002132,0.992553,0.839909,3.149658,30.224256,95,3.143171,304.113422,445.379705,1415162.977,442.268369,715458.1752,306.687219,TRUE,Success,1.006846,0.975213,0.992553
9.85,0.860553,5615613.806,,,Success,0.971592,1.004312,0.839043,3.302574,1.01325,3.157535,3.116245,298,441.668798,1429681.558,429.951715,661969.1945,304.580177,0.936936,0.975855,0.838404,3.019861,3.157535,9.35278,2.962051,304.580177,438.840402,1335515.435,427.963861,653380.0635,304.662417,1.002923,1,0.839993,3.234101,9.35278,30.052414,3.213206,304.662417,448.866926,1434323.025,440.633229,708328.5313,304.085626,1.002726,0.994168,0.83993,3.167639,30.052414,94.999999,3.161144,304.085626,446.148829,1416093.789,443.020445,718740.5451,306.692205,TRUE,Success,1.004312,0.975855,0.994168
9.8,0.860619,5586713.67,,,Success,0.96666,1.001772,0.838891,3.277917,1.01325,3.134463,3.093474,298,440.641269,1412161.26,429.03208,657994.2111,304.522168,0.938952,0.976496,0.838518,3.025212,3.134463,9.30043,2.967153,304.522168,438.987094,1330777.019,428.112871,654023.5123,304.645261,1.00342,1,0.83999,3.233685,9.30043,29.880145,3.21277,304.645261,448.820503,1426748.776,440.594157,708158.2787,304.057762,1.003341,0.995808,0.839948,3.185872,29.880145,95,3.179369,304.057762,446.926052,1417026.615,443.780276,722058.7816,306.696888,TRUE,Success,1.001772,0.976496,0.995808
9.75,0.860683,5557888.276,,,Success,0.961728,0.999223,0.838723,3.253283,1.01325,3.111405,3.070718,298,439.611218,1394722.351,428.109719,654009.9007,304.464095,0.940995,0.977143,0.838629,3.03061,3.111405,9.248023,2.972298,304.464095,439.135946,1326039.944,428.263922,654675.8408,304.62808,1.003929,1,0.839987,3.233258,9.248023,29.707626,3.212322,304.62808,448.773584,1419172.932,440.554618,707985.9994,304.029848,1.003973,0.997471,0.839963,3.204343,29.707626,95,3.197832,304.029848,447.710675,1417953.049,444.547186,725410.0177,306.701242,TRUE,Success,0.999223,0.977143,0.997471
9.7,0.860745,5529137.713,,,Success,0.956796,0.996665,0.838539,3.228685,1.01325,3.088373,3.047987,298,438.579126,1377369.962,427.185075,650018.1576,304.40598,0.943061,0.977794,0.838736,3.03604,3.088373,9.195543,2.977471,304.40598,439.286221,1321296.393,428.416341,655334.1415,304.610845,1.004453,1,0.839983,3.232817,9.195543,29.534784,3.211859,304.610845,448.726048,1411594.656,440.514497,707811.1852,304.001877,1.004624,0.999159,0.839975,3.223066,29.534784,95,3.216546,304.001877,448.503168,1418876.703,445.321619,728796.2783,306.705261,TRUE,Success,0.996665,0.977794,0.999159
9.65,0.860804,5500461.955,,,Success,0.951864,0.994098,0.838338,3.204126,1.01325,3.065371,3.025286,298,437.545053,1360104.98,426.258203,646019.2133,304.347828,0.94515,0.978449,0.83884,3.041498,3.065371,9.142991,2.98267,304.347828,439.437868,1316545.586,428.570081,655998.2171,304.593554,1.00499,1,0.839979,3.232361,9.142991,29.361625,3.211381,304.593554,448.677886,1404013.979,440.473785,707633.8038,303.97385,1.005293,1.000871,0.839984,3.242044,29.361625,95,3.235516,303.97385,449.303635,1419797.41,446.10367,732218.064,306.708933,TRUE,Success,0.994098,0.978449,1.000871
9.6,0.860861,5471861.081,,,Success,0.946932,0.991522,0.838119,3.179599,1.01325,3.042393,3.002608,298,436.508665,1342924.392,425.328798,642011.7313,304.28963,0.947263,0.979108,0.838941,3.04699,3.042393,9.090358,2.987898,304.28963,439.591058,1311789.066,428.725299,656668.7418,304.576211,1.005543,1,0.839974,3.231891,9.090358,29.188113,3.210887,304.576211,448.629059,1396430.552,440.432442,707453.6806,303.945762,1.005983,1.002609,0.839989,3.261287,29.188113,95,3.25475,303.945762,450.112388,1420717.07,446.893633,735676.7532,306.71225,TRUE,Success,0.991522,0.979108,1.002609
9.55,0.860916,5443335.077,,,Success,0.942,0.988938,0.837884,3.155109,1.01325,3.019441,2.979957,298,435.470074,1325829.637,424.396964,637996.1512,304.231391,0.949402,0.979771,0.839037,3.052512,3.019441,9.037649,2.993153,304.231391,439.74571,1307025.75,428.881922,657345.4087,304.558812,1.006111,1,0.839969,3.231404,9.037649,29.01426,3.210377,304.558812,448.579561,1388844.463,440.390466,707270.8008,303.917615,1.006693,1.004374,0.839991,3.280799,29.01426,95,3.274252,303.917615,450.92951,1421635.228,447.691582,739172.7624,306.715199,TRUE,Success,0.988938,0.979771,1.004374
9.5,0.860969,5414883.969,,,Success,0.937068,0.986345,0.83763,3.130657,1.01325,2.996519,2.957334,298,434.42926,1308820.823,423.462683,633972.3812,304.173115,0.951565,0.980438,0.83913,3.058064,2.996519,8.984863,2.998434,304.173115,439.901816,1302255.29,429.039942,658028.1827,304.541355,1.006695,1,0.839963,3.230902,8.984863,28.840063,3.20985,304.541355,448.529376,1381255.655,440.347839,707085.0938,303.889408,1.007425,1.006166,0.839989,3.300585,28.840063,95,3.294029,303.889408,451.755165,1422552.202,448.497666,742706.8455,306.717766,TRUE,Success,0.986345,0.980438,1.006166
9.45,0.861019,5386507.948,,,Success,0.932137,0.983742,0.837359,3.106239,1.01325,2.973621,2.934736,298,433.386006,1291896.189,422.525759,629939.5603,304.114797,0.953754,0.981109,0.839219,3.063644,2.973621,8.931984,3.00374,304.114797,440.05931,1297476.889,429.1993,658716.8106,304.523836,1.007296,1,0.839956,3.230381,8.931984,28.665456,3.209305,304.523836,448.478418,1373663.436,440.304477,706896.191,303.861137,1.00818,1.007987,0.839984,3.32066,28.665456,95,3.314093,303.861137,452.589833,1423471.434,449.31234,746281.1018,306.719944,TRUE,Success,0.983742,0.981109,1.007987
9.4,0.861067,5358207.115,,,Success,0.927205,0.981129,0.837069,3.081836,1.01325,2.950729,2.912143,298,432.339338,1275046.749,421.585299,625893.8368,304.056402,0.955976,0.981787,0.839304,3.069282,2.950729,8.879035,3.009099,304.056402,440.219479,1292702.971,429.361175,659416.3924,304.506299,1.007912,1,0.839948,3.229845,8.879035,28.490532,3.208742,304.506299,448.426832,1366068.896,440.260522,706704.7106,303.832809,1.008955,1.009837,0.839975,3.341017,28.490532,95,3.334441,303.832809,453.433209,1424388.499,450.135304,749894.3183,306.721711,TRUE,Success,0.981129,0.981787,1.009837
9.35,0.861112,5329981.439,,,Success,0.922273,0.978508,0.836761,3.057495,1.01325,2.92789,2.889603,298,431.291339,1258292.835,420.643211,621843.4109,303.998012,0.958216,0.982465,0.839385,3.074913,2.92789,8.825967,3.014447,303.998012,440.379505,1287905.494,429.522986,660115.7708,304.488643,1.00855,1,0.83994,3.229286,8.825967,28.315089,3.208157,304.488643,448.374253,1358469.597,440.21562,706509.1132,303.804404,1.00976,1.011718,0.839962,3.361688,28.315089,94.999997,3.355101,303.804404,454.286461,1425313.513,450.967668,753551.4922,306.723069,TRUE,Success,0.978508,0.982465,1.011718
9.3,0.861155,5301830.858,,,Success,0.917341,0.975878,0.836434,3.033183,1.01325,2.90507,2.867081,298,430.240395,1241619.355,419.698019,617781.9182,303.93957,0.960486,0.983149,0.839461,3.080596,2.90507,8.772854,3.019843,303.93957,440.542076,1283110.497,429.687198,660825.6068,304.470963,1.0092,1,0.83993,3.228713,8.772854,28.139425,3.207556,304.470963,448.32111,1350868.846,440.17019,706311.2231,303.775951,1.010582,1.013629,0.839946,3.382644,28.139425,95,3.376046,303.775951,455.148281,1426232.159,451.808169,757247.1893,306.723978,TRUE,Success,0.975878,0.983149,1.013629
9.25,0.861196,5273754.144,,,Success,0.912409,0.973251,0.836085,3.00904,1.01325,2.882412,2.844719,298,429.193108,1225088.853,418.755775,613735.3344,303.881325,0.96274,0.98382,0.839531,3.086144,2.882412,8.719601,3.025106,303.881325,440.699206,1278239.931,429.846493,661514.265,304.45298,1.009875,1,0.83992,3.228115,8.719601,27.963151,3.20693,304.45298,448.266591,1343261.645,440.12345,706107.6329,303.747409,1.011438,1.015574,0.839925,3.403937,27.963151,94.999999,3.397328,303.747409,456.020785,1427163.715,452.65883,760990.423,306.724453,TRUE,Success,0.973251,0.98382,1.015574
9.2,0.861234,5245755.832,,,Success,0.907477,0.970598,0.835719,2.984759,1.01325,2.859604,2.82221,298,428.134851,1208563.842,417.803071,609646.0679,303.822733,0.96508,0.984516,0.839599,3.091904,2.859604,8.666228,3.030569,303.822733,440.865462,1273436.371,430.014213,662239.423,304.435191,1.010573,1,0.839908,3.227493,8.666228,27.78634,3.206279,304.435191,448.211453,1335650.71,440.07611,705901.4354,303.718798,1.012324,1.017555,0.8399,3.425566,27.78634,95,3.418946,303.718798,456.903821,1428104.908,453.519494,764780.6441,306.724471,TRUE,Success,0.970598,0.984516,1.017555
9.15,0.86127,5217832.883,,,Success,0.902545,0.967927,0.835334,2.960432,1.01325,2.83674,2.799645,298,427.069753,1192084.428,416.843686,605530.3746,303.763952,0.967477,0.985232,0.839662,3.097856,2.83674,8.612954,3.036215,303.763952,441.040368,1268692.474,430.189939,662999.2846,304.417588,1.011268,1,0.839896,3.226869,8.612954,27.609905,3.205625,304.417588,448.156629,1328044.951,440.029101,705696.6899,303.690193,1.013209,1.01956,0.839871,3.447426,27.609905,95,3.440794,303.690193,457.792903,1429011.029,454.385846,768598.9669,306.723949,TRUE,Success,0.967927,0.985232,1.01956
9.1,0.861303,5189985.295,,,Success,0.897613,0.965258,0.834927,2.936261,1.01325,2.814025,2.777226,298,426.00746,1175740.915,415.886471,601426.2066,303.705346,0.969864,0.985934,0.83972,3.103658,2.814025,8.559455,3.041713,303.705346,441.209168,1263866.602,430.360134,663735.3152,304.39965,1.011998,1,0.839882,3.226209,8.559455,27.432497,3.204935,304.39965,448.099956,1320428.964,439.980315,705484.2113,303.661468,1.014141,1.021608,0.839837,3.46969,27.432497,95,3.463046,303.661468,458.695102,1429948.814,455.26466,772475.385,306.722967,TRUE,Success,0.965258,0.985934,1.021608
9.05,0.861334,5162214.328,,,Success,0.892681,0.962579,0.834499,2.912119,1.01325,2.791329,2.754828,298,424.941837,1159476.374,414.9258,597309.4078,303.646688,0.972284,0.986641,0.839772,3.10949,2.791329,8.505837,3.047236,303.646688,441.379562,1259032.867,430.531859,664478.0527,304.381644,1.012752,1,0.839867,3.225524,8.505837,27.254557,3.204218,304.381644,448.042247,1312808.109,439.930541,705267.4372,303.632666,1.015105,1.023694,0.839798,3.492312,27.254557,95,3.485656,303.632666,459.608401,1430896.979,456.153987,776401.4664,306.721473,TRUE,Success,0.962579,0.986641,1.023694
9,0.861362,5134519.073,,,Success,0.887749,0.959896,0.834049,2.888083,1.01325,2.768731,2.732525,298,423.876507,1143324.448,413.964999,593194.2215,303.588118,0.97471,0.987341,0.839819,3.11525,2.768731,8.452062,3.052685,303.588118,441.547257,1254150.326,430.701179,665210.4691,304.363424,1.013535,1,0.83985,3.224808,8.452062,27.075917,3.203469,304.363424,447.983096,1305180.11,439.879388,705044.6655,303.603769,1.016109,1.025822,0.839755,3.515323,27.075917,95,3.508653,303.603769,460.533895,1431864.189,457.054865,780381.9575,306.719456,TRUE,Success,0.959896,0.987341,1.025822
8.95,0.861387,5106901.57,,,Success,0.882817,0.957196,0.833579,2.864003,1.01325,2.746078,2.710168,298,422.80403,1127217.366,412.997237,589051.3734,303.529359,0.977196,0.988059,0.83986,3.121158,2.746078,8.398254,3.058273,303.529359,441.721664,1249307.821,430.876725,665969.9092,304.345308,1.014331,1,0.839832,3.224073,8.398254,26.897097,3.202701,304.345308,447.923493,1297551.349,439.827814,704820.0687,303.57483,1.017133,1.027986,0.839707,3.538663,26.897097,95,3.53198,303.57483,461.469091,1432825.035,457.964891,784406.3988,306.716863,TRUE,Success,0.957196,0.988059,1.027986
8.9,0.86141,5079361.346,,,Success,0.877885,0.954486,0.833086,2.839971,1.01325,2.723464,2.68785,298,421.728864,1111196.538,412.026607,584898.3908,303.470582,0.979711,0.988779,0.839896,3.127071,2.723464,8.344316,3.063861,303.470582,441.896678,1244447.331,431.052897,666732.1486,304.327087,1.015154,1,0.839813,3.223309,8.344316,26.717681,3.201902,304.327087,447.86267,1289916.799,439.775073,704590.4018,303.545807,1.018194,1.030193,0.839654,3.562395,26.717681,95,3.555698,303.545807,462.416408,1433800.678,458.886369,788485.1541,306.7137,TRUE,Success,0.954486,0.988779,1.030193
8.85,0.86143,5051898.76,,,Success,0.872953,0.951768,0.832571,2.815984,1.01325,2.700886,2.665567,298,420.650732,1095259.852,411.052854,580734.1703,303.411781,0.982255,0.989501,0.839927,3.132994,2.700886,8.290251,3.069456,303.411781,442.072615,1239571.684,431.229987,667498.4493,304.308768,1.016004,1,0.839792,3.222515,8.290251,26.53769,3.201072,304.308768,447.800637,1282276.656,439.721178,704355.7193,303.516703,1.019292,1.032445,0.839595,3.586526,26.53769,95,3.579814,303.516703,463.375992,1434790.569,459.819421,792618.9527,306.70994,TRUE,Success,0.951768,0.989501,1.032445
8.8,0.861447,5024514.222,,,Success,0.868021,0.949038,0.832034,2.792027,1.01325,2.678329,2.643305,298,419.568801,1079400.302,410.075213,576555.4351,303.352926,0.984836,0.99023,0.839951,3.138955,2.678329,8.236083,3.075083,303.352926,442.250622,1234691.291,431.409048,668273.3772,304.290391,1.016877,1,0.839769,3.221692,8.236083,26.357211,3.200212,304.290391,447.737521,1274631.893,439.666253,704116.5595,303.487526,1.020425,1.034743,0.839531,3.611053,26.357211,94.999994,3.604326,303.487526,464.34762,1435790.735,460.763819,796806.9678,306.705554,TRUE,Success,0.949038,0.99023,1.034743
8.75,0.861457,4996842.694,,,Success,0.863089,0.945852,0.831544,2.763672,1.01325,2.651306,2.616635,298,418.255909,1061599.347,408.884723,571469.7227,303.285492,0.989111,0.992831,0.839975,3.164557,2.651306,8.21939,3.100129,303.285492,443.29505,1237595.113,432.38472,672497.5161,304.301939,1.013172,1,0.839858,3.22514,8.21939,26.333415,3.203816,304.301939,447.891302,1268665.369,439.824436,704805.3587,303.472074,1.015518,1.034931,0.839386,3.614246,26.333415,95,3.607584,303.472074,464.480994,1428982.865,460.905791,797436.8994,306.692941,TRUE,Success,0.945852,0.992831,1.034931
8.7,0.86145,4969306.012,,,Success,0.858157,0.942603,0.831044,2.734864,1.01325,2.623815,2.589504,298,416.910158,1043643.627,407.663471,566255.7402,303.216912,0.993651,0.995811,0.839992,3.194341,2.623815,8.210757,3.129321,303.216912,444.517351,1241976.041,433.523896,677433.1901,304.319001,1.00847,1,0.839941,3.229356,8.210757,26.341997,3.20823,304.319001,448.088668,1263023.549,440.025575,705681.3304,303.459336,1.009365,1.034704,0.839167,3.61299,26.341997,94.999999,3.606408,303.459336,464.450258,1420662.796,460.89072,797370.0251,306.678772,TRUE,Success,0.942603,0.995811,1.034704
,,,,,,,,,,,,,,,,,,,,,,,,,,,,,,,,,,,,,,,,,,,,,,,,,,,,,,,,,,,,,,
8.65,0.861427,4942043.061,,,Success,0.853225,0.939269,0.830537,2.705406,1.01325,2.595654,2.561711,298,415.520287,1025439.354,406.401065,560869.3462,303.146765,0.998544,0.998915,0.84,3.225397,2.595654,8.201577,3.159735,303.146765,445.784986,1246641.53,434.704474,682552.4648,304.336723,1.003826,1,0.839988,3.233345,8.201577,26.346853,3.212413,304.336723,448.282635,1257328.27,440.22336,706542.8319,303.4462,1.003357,1.034557,0.838887,3.612247,26.346853,94.999992,3.605743,303.4462,464.451062,1412633.908,460.90588,797437.2941,306.664852,TRUE,Success,0.939269,0.998915,1.034557
8.6,0.861384,4914925.815,,,Success,0.848294,0.936165,0.829971,2.678385,1.01325,2.569954,2.536347,298,414.247814,1008403.59,405.2462,555944.6723,303.081135,1.002591,1.001779,0.839999,3.254584,2.569954,8.194008,3.188388,303.081135,446.96875,1250397.253,435.808297,687342.8598,304.35117,0.998969,1,0.839999,3.23733,8.194008,26.356847,3.2166,304.35117,448.477602,1251652.407,440.422519,707410.4472,303.43328,0.997158,1.034369,0.838533,3.6108,26.356847,95,3.604376,303.43328,464.43688,1404472.564,460.906732,797441.0747,306.650761,TRUE,Success,0.936165,1.001779,1.034369
,,,,,,,,,,,,,,,,,,,,,,,,,,,,,,,,,,,,,,,,,,,,,,,,,,,,,,,,,,,,,,
,,,,,,,,,,,,,,,,,,,,,,,,,,,,,,,,,,,,,,,,,,,,,,,,,,,,,,,,,,,,,,
,,,,,,,,,,,,,,,,,,,,,,,,,,,,,,,,,,,,,,,,,,,,,,,,,,,,,,,,,,,,,,
,,,,,,,,,,,,,,,,,,,,,,,,,,,,,,,,,,,,,,,,,,,,,,,,,,,,,,,,,,,,,,
8.3,0.860619,4758985.826,,,Success,0.818702,0.915828,0.826418,2.503439,1.01325,2.402555,2.371138,298,405.700597,901262.3692,397.465274,522832.3366,302.655356,1.034308,1.02291,0.839766,3.472665,2.402555,8.174009,3.402215,302.655356,455.675816,1284178.733,443.89746,722570.7142,304.469705,0.966668,1,0.839001,3.258975,8.174009,26.480223,3.239564,304.469705,449.772216,1218022.841,441.739974,713153.2242,303.359604,0.957773,1.033081,0.834533,3.593509,26.480223,95,3.587583,303.359604,464.345192,1355521.883,460.906343,797439.3498,306.565367,TRUE,Success,0.915828,1.02291,1.033081
8.25,0.860384,4734223.839,,,Success,0.81377,0.91241,0.825753,2.474703,1.01325,2.375049,2.343991,298,404.256074,883752.2449,396.148088,517237.9941,302.584085,1.039862,1.026788,0.839686,3.513638,2.375049,8.175935,3.442429,302.584085,457.280515,1290573.387,445.385272,729074.7011,304.490617,0.960652,1,0.838591,3.262074,8.175935,26.513769,3.242904,304.490617,450.008792,1212517.771,441.980163,714200.8503,303.348074,0.950781,1.032821,0.833476,3.588884,26.513769,95,3.583044,303.348074,464.330056,1347380.436,460.906556,797440.2937,306.551002,TRUE,Success,0.91241,1.026788,1.032821
8.2,0.860108,4710077.225,,,Success,0.808838,0.908736,0.82512,2.443727,1.01325,2.345263,2.314594,298,402.67135,865225.5381,394.700936,511095.1416,302.507656,1.046554,1.031177,0.839574,3.56003,2.345263,8.180045,3.487901,302.507656,459.089952,1298560.748,447.059635,736403.8509,304.516055,0.95439,1,0.838082,3.264988,8.180045,26.552975,3.246067,304.516055,450.260792,1207084.568,442.23522,715313.5458,303.337044,0.943606,1.032527,0.832276,3.583505,26.552975,94.999999,3.577754,303.337044,464.310624,1339206.37,460.902691,797423.1477,306.536565,TRUE,Success,0.908736,1.031177,1.032527
,,,,,,,,,,,,,,,,,,,,,,,,,,,,,,,,,,,,,,,,,,,,,,,,,,,,,,,,,,,,,,
8.1,0.859424,4662929.108,,,Success,0.798974,0.901785,0.823701,2.386202,1.01325,2.290147,2.260199,298,399.710139,830371.1642,391.997143,499627.5664,302.363135,1.058418,1.039719,0.83934,3.651789,2.290147,8.194182,3.578016,302.363135,462.626294,1313218.532,450.331583,750756.4717,304.560984,0.941194,1,0.836721,3.270091,8.194182,26.644937,3.25169,304.560984,450.783428,1196356.723,442.763953,717620.886,303.315731,0.928849,1.031888,0.82941,3.570979,26.644937,95,3.565405,303.315731,464.284128,1322982.688,460.906741,797441.118,306.507343,TRUE,Success,0.901785,1.039719,1.031888
8.05,0.859001,4640611.965,,,Success,0.794042,0.897806,0.823069,2.353035,1.01325,2.258112,2.228583,298,397.95052,810897.1445,390.38664,492802.6239,302.280552,1.066662,1.045003,0.839144,3.708572,2.258112,8.205178,3.633645,302.280552,464.799917,1323698.236,452.336127,759570.0621,304.591893,0.934178,1,0.83583,3.27223,8.205178,26.700489,3.254102,304.591893,451.075593,1191145.818,443.057899,718904.059,303.306002,0.92118,1.031511,0.827703,3.563469,26.700489,95,3.557987,303.306002,464.270019,1314870.767,460.906741,797441.1184,306.490587,TRUE,Success,0.897806,1.045003,1.031511
8,0.858517,4618115.963,,,Success,0.78911,0.894763,0.822201,2.32887,1.01325,2.235189,2.20596,298,396.703394,795757.132,389.249096,487984.4414,302.217552,1.070796,1.049004,0.839047,3.75275,2.235189,8.219328,3.677241,302.217552,466.464259,1329621.522,453.87621,766352.4478,304.608573,0.926803,1,0.83476,3.27405,8.219328,26.763834,3.256207,304.608573,451.364161,1185995.265,443.349152,720175.7825,303.296517,0.913277,1.031079,0.825785,3.554954,26.763834,94.999992,3.549566,303.296517,464.252744,1306742.044,460.906669,797440.799,306.478576,TRUE,Success,0.894763,1.049004,1.031079
7.95,0.857962,4596836.234,,,Success,0.784178,0.891142,0.821441,2.299506,1.01325,2.206988,2.178127,298,395.136007,778166.6371,387.81508,481913.3681,302.142602,1.077567,1.054106,0.838864,3.808618,2.206988,8.236811,3.732151,302.142602,468.566059,1339031.894,455.813792,774899.2256,304.634695,0.919095,1,0.833491,3.275481,8.236811,26.834984,3.257934,304.634695,451.684596,1181004.549,443.670768,721580.4251,303.287922,0.90515,1.030593,0.823635,3.545447,26.834984,94.999995,3.540155,303.287922,464.237193,1298633.154,460.906732,797441.0781,306.46397,TRUE,Success,0.891142,1.054106,1.030593
7.9,0.857325,4576575.771,,,Success,0.779246,0.887316,0.820706,2.268479,1.01325,2.177091,2.148622,298,393.451896,759803.7043,386.272564,475386.4058,302.063419,1.085352,1.059767,0.838634,3.870801,2.177091,8.258197,3.793225,302.063419,470.889522,1350054.805,457.951843,784348.67,304.664371,0.910993,1,0.831981,3.276467,8.258197,26.915345,3.259228,304.664371,452.033055,1176186.301,444.019271,723102.9139,303.280211,0.896761,1.030037,0.821224,3.53478,26.915345,95,3.529585,303.280211,464.221582,1290530.961,460.906741,797441.1184,306.449259,TRUE,Success,0.887316,1.059767,1.030037
7.85,0.856591,4558574.068,,,Success,0.774314,0.882308,0.820238,2.226848,1.01325,2.136441,2.108504,298,391.101036,736316.195,384.112717,466253.122,301.959154,1.098813,1.067622,0.838172,3.95702,2.136441,8.284069,3.877508,301.959154,474.101385,1368192.115,460.894752,797387.9185,304.711984,0.902471,1,0.83019,3.276932,8.284069,27.006175,3.260013,304.711984,452.434879,1171628.409,444.418369,724846.9688,303.273891,0.888079,1.029396,0.818518,3.522809,27.006175,95,3.517714,303.273891,464.206399,1282437.349,460.906741,797441.1183,306.43374,TRUE,Success,0.882308,1.067622,1.029396
