Gc_kg_s,eta_ex_system,Power_total_W,T_water_mix_K,total_mdot_water_kg_s,warnings,Gc_norm_s1,n_s1,eta_s1,eps_s1,Pin_s1_bar,Pout_s1_bar,PR_s1,Tin_s1_K,Tout_s1_K,Power_s1_W,T_water_out_s1_K,H_water_s1_Jperkg,T_air_out_intercooler_s1_K,Gc_norm_s2,n_s2,eta_s2,eps_s2,Pin_s2_bar,Pout_s2_bar,PR_s2,Tin_s2_K,Tout_s2_K,Power_s2_W,T_water_out_s2_K,H_water_s2_Jperkg,T_air_out_intercooler_s2_K,Gc_norm_s3,n_s3,eta_s3,eps_s3,Pin_s3_bar,Pout_s3_bar,PR_s3,Tin_s3_K,Tout_s3_K,Power_s3_W,T_water_out_s3_K,H_water_s3_Jperkg,T_air_out_intercooler_s3_K,Gc_norm_s4,n_s4,eta_s4,eps_s4,Pin_s4_bar,Pout_s4_bar,PR_s4,Tin_s4_K,Tout_s4_K,Power_s4_W,T_water_out_s4_K,H_water_s4_Jperkg,T_air_out_intercooler_s4_K,Optimization_Success,Status,opt_n_stage1,opt_n_stage4
13.15,0.84777,7697444.977,,,Success,1.2971,1.092773,0.817041,4.091884,1.01325,3.809608,3.75979,298,477.303881,2387872.703,460.906741,797441.1184,307.254503,1.041276,1,0.83868,3.19621,3.809608,11.904288,3.124807,307.254503,450.742624,1907192.609,437.817162,696070.9668,306.509565,1.055132,1,0.837707,3.179594,11.904288,37.575506,3.156468,306.509565,449.637349,1900943.298,440.870224,709361.3212,305.566832,1.073251,0.95032,0.828366,2.535684,37.575506,94.999999,2.528243,305.566832,418.700058,1501436.367,415.908617,601521.1322,306.478979,TRUE,Success,1.092773,0.95032
13.1,0.84844,7659842.201,,,Success,1.292168,1.092466,0.817833,4.09642,1.01325,3.816758,3.766847,298,477.301499,2378757.538,460.906741,797441.1184,307.223405,1.035321,1,0.839022,3.202874,3.816758,11.955174,3.132285,307.223405,450.940174,1902986.064,438.01652,696937.8532,306.503009,1.046635,1,0.838332,3.189968,11.955174,37.864576,3.167213,306.503009,449.997372,1898613.637,441.235804,710954.847,305.581808,1.061034,0.946776,0.829554,2.516214,37.864576,95,2.508941,305.581808,417.512093,1479484.961,414.77003,596642.0881,306.424516,TRUE,Success,1.092466,0.946776
13.05,0.849071,7623299.019,,,Success,1.287236,1.092081,0.818605,4.099525,1.01325,3.822448,3.772463,298,477.250307,2368989.426,460.906741,797441.1184,307.215823,1.029821,1,0.839296,3.208773,3.822448,11.998407,3.138932,307.215823,451.148277,1898591.07,438.224982,697844.4642,306.496342,1.038872,1,0.838824,3.198935,11.998407,38.113124,3.176515,306.496342,450.313946,1895672.225,441.558643,712362.4513,305.592837,1.05011,0.943687,0.830582,2.499703,38.113124,95,2.49258,305.592837,416.497656,1460046.298,413.79853,592481.4367,306.376541,TRUE,Success,1.092081,0.943687
13,0.849662,7587128.235,,,Success,1.282304,1.091754,0.819377,4.103314,1.01325,3.828822,3.778754,298,477.224566,2359565.941,460.906135,797438.428,307.19553,1.024134,1,0.839534,3.214616,3.828822,12.043732,3.145545,307.19553,451.34101,1894135.83,438.419736,698691.5867,306.489064,1.030985,1,0.839241,3.207545,12.043732,38.364891,3.185465,306.489064,450.624931,1892634.589,441.876577,713749.0162,305.603811,1.039241,0.940612,0.831554,2.483199,38.364891,95,2.476222,305.603811,415.488419,1440791.875,412.83166,588342.7776,306.328458,TRUE,Success,1.091754,0.940612
12.95,0.850215,7551503.464,,,Success,1.277372,1.09145,0.820142,4.107219,1.01325,3.835303,3.78515,298,477.204399,2350219.188,460.906741,797441.1184,307.173181,1.018434,1,0.839725,3.22021,3.835303,12.088512,3.151905,307.173181,451.527016,1889597.256,438.608428,699512.4627,306.481383,1.023202,1,0.839568,3.215549,12.088512,38.608299,3.193801,306.481383,450.922052,1889389.464,442.181205,715077.8842,305.613756,1.028734,0.937662,0.832445,2.467447,38.608299,95,2.460611,305.613756,414.526807,1422297.556,411.910432,584401.4617,306.282001,TRUE,Success,1.09145,0.937662
12.9,0.85073,7516461.467,,,Success,1.27244,1.091152,0.820898,4.110973,1.01325,3.841623,3.791387,298,477.180603,2340826.571,460.906708,797440.9688,307.152152,1.012798,1,0.839866,3.225482,3.841623,12.13158,3.157931,307.152152,451.708624,1884963.284,438.793087,700315.9065,306.473326,1.01562,1,0.839801,3.222875,12.13158,38.838621,3.201448,306.473326,451.2029,1885906.71,442.469997,716337.9715,305.622308,1.018699,0.934877,0.833251,2.452723,38.838621,95.000002,2.446019,305.622308,413.628313,1404764.902,411.049869,580721.4103,306.237858,TRUE,Success,1.091152,0.934877
12.85,0.851208,7481951.139,,,Success,1.267508,1.090868,0.821646,4.114717,1.01325,3.847922,3.797604,298,477.15814,2331454.016,460.906612,797440.5455,307.130377,1.007185,1,0.839957,3.230477,3.847922,12.173566,3.163673,307.130377,451.884856,1880248.467,438.972871,701098.2472,306.464894,1.00818,1,0.839945,3.229611,12.173566,39.058845,3.208497,306.464894,451.471058,1882235.802,442.746462,717544.5392,305.629765,1.009041,0.932222,0.833981,2.438805,39.058845,95.000006,2.432228,305.629765,412.780319,1388012.854,410.237825,577250.3429,306.195569,TRUE,Success,1.090868,0.932222
12.8,0.851647,7447969.394,,,Success,1.262576,1.090585,0.822383,4.118226,1.01325,3.853972,3.803575,298,477.129233,2321999.24,460.900773,797414.6335,307.108321,1.001655,1,0.839998,3.235149,3.853972,12.213534,3.169077,307.108321,452.054603,1875433.112,439.146706,701854.8054,306.455985,1.000956,1,0.839999,3.235722,12.213534,39.265411,3.21491,306.455985,451.724843,1878357.686,443.008812,718689.7588,305.635856,0.999837,0.929727,0.834631,2.42589,39.265411,94.999992,2.419432,305.635856,411.993735,1372179.355,409.484897,574033.2525,306.155632,TRUE,Success,1.090585,0.929727
12.75,0.852051,7414483.491,,,Success,1.257645,1.090321,0.823112,4.121796,1.01325,3.860076,3.809599,298,477.104394,2312600.699,460.898613,797405.0519,307.086368,0.996129,1,0.839987,3.239571,3.860076,12.252752,3.174226,307.086368,452.221738,1870563.626,439.318191,702601.2343,306.446838,0.99384,1,0.839968,3.241331,12.252752,39.463823,3.220813,306.446838,451.969763,1874343.391,443.2625,719797.3945,305.641093,0.990933,0.927337,0.835215,2.413611,39.463823,94.999994,2.407268,305.641093,411.247776,1356975.775,408.771025,570984.1698,306.11723,TRUE,Success,1.090321,0.927337
12.7,0.85242,7381483.966,,,Success,1.252713,1.090067,0.82383,4.125263,1.01325,3.866065,3.81551,298,477.077919,2303183.469,460.89502,797389.1068,307.06431,0.99065,1,0.839925,3.243711,3.866065,12.290542,3.179083,307.06431,452.38479,1865624.061,439.485946,703331.5213,306.437352,0.986884,1,0.839852,3.246417,12.290542,39.651564,3.226185,306.437352,452.204741,1870181.357,443.506368,720862.3692,305.645288,0.98238,0.925071,0.835731,2.402104,39.651564,94.999996,2.39587,305.645288,410.549939,1342495.079,408.103496,568134.0062,306.080708,TRUE,Success,1.090067,0.925071
12.65,0.852755,7348958.735,,,Success,1.247781,1.089836,0.82454,4.128839,1.01325,3.872155,3.82152,298,477.057312,2293845.159,460.896722,797396.6607,307.042419,0.985163,1,0.839809,3.247614,3.872155,12.327779,3.1837,307.042419,452.546511,1860647.082,439.652523,704056.7774,306.427694,0.980014,1,0.839651,3.251055,12.327779,39.832343,3.231105,306.427694,452.433584,1865920.363,443.744177,721901.0887,305.648788,0.974077,0.922892,0.836186,2.391126,39.832343,94.999998,2.384996,305.648788,409.886438,1328546.131,407.468998,565425.7532,306.045516,TRUE,Success,1.089836,0.922892
12.6,0.853055,7316904.013,,,Success,1.242849,1.08963,0.82524,4.132522,1.01325,3.878343,3.827627,298,477.042597,2284585.164,460.903743,797427.8132,307.020693,0.979669,1,0.839638,3.251278,3.878343,12.364447,3.188074,307.020693,452.707226,1855637.161,439.818218,704778.2826,306.417876,0.97323,1,0.839364,3.255261,12.364447,40.006229,3.235586,306.417876,452.65714,1861572.118,443.976718,722916.993,305.651621,0.966014,0.920798,0.836582,2.380659,40.006229,95,2.37463,305.651621,409.256252,1315109.571,406.866568,562855.1538,306.011634,TRUE,Success,1.08963,0.920798
12.55,0.853318,7285242.936,,,Success,1.237917,1.089365,0.82592,4.135123,1.01325,3.883426,3.832643,298,476.99245,2274870.74,460.879014,797318.0851,306.99764,0.974468,1,0.839423,3.254521,3.883426,12.395843,3.191987,306.99764,452.854654,1850455.891,439.971569,705446.118,306.407117,0.966896,1,0.839015,3.258852,12.395843,40.15549,3.239432,306.407117,452.862223,1856976.22,444.190648,723851.7605,305.65229,0.958606,0.918941,0.836909,2.37174,40.15549,94.999998,2.365803,305.65229,408.717144,1302940.086,406.352168,560660.7769,305.981551,TRUE,Success,1.089365,0.918941
12.5,0.853552,7254122.326,,,Success,1.232985,1.08923,0.826602,4.139319,1.01325,3.890114,3.839244,298,477.000278,2265904.73,460.906327,797439.2796,306.976629,0.968883,1,0.839134,3.25776,3.890114,12.432573,3.19594,306.976629,453.017731,1845432.224,440.139546,706177.741,306.397229,0.960183,1,0.838556,3.262303,12.432573,40.320721,3.243152,306.397229,453.081459,1852533.632,444.418773,724848.734,305.654299,0.950877,0.916964,0.837196,2.36195,40.320721,95,2.356109,305.654299,408.134026,1290251.74,405.795003,558284.5845,305.94952,TRUE,Success,1.08923,0.916964
12.45,0.853749,7223319.836,,,Success,1.228053,1.089007,0.827261,4.142025,1.01325,3.895285,3.844347,298,476.958715,2256307.368,460.889361,797363.9974,306.953793,0.963691,1,0.838808,3.260545,3.895285,12.462518,3.199386,306.953793,453.16415,1840201.58,440.292015,706841.9028,306.386176,0.954027,1,0.838049,3.265147,12.462518,40.456335,3.246241,306.386176,453.27954,1847813.295,444.625482,725752.2761,305.653752,0.943898,0.915261,0.837419,2.353966,40.456335,95,2.348211,305.653752,407.655968,1278997.594,405.339471,556342.3046,305.921937,TRUE,Success,1.089007,0.915261
12.4,0.853917,7191880.91,,,Success,1.223121,1.088122,0.827834,4.135238,1.01325,3.890825,3.839945,298,476.588747,2242538.405,460.577706,795981.3152,306.919158,0.960867,1,0.838607,3.261968,3.890825,12.455179,3.201167,306.919158,453.21095,1833838.537,440.351608,707101.5157,306.368801,0.950728,1,0.837744,3.266545,12.455179,40.451547,3.247769,306.368801,453.367817,1841742.386,444.721579,726172.3772,305.641124,0.940199,0.914776,0.837557,2.354199,40.451547,94.999999,2.348489,305.641124,407.636861,1273761.581,405.328533,556295.6727,305.914079,TRUE,Success,1.088122,0.914776
12.35,0.854079,7159203.537,,,Success,1.218189,1.086319,0.828301,4.115623,1.01325,3.873358,3.822707,298,475.772161,2223152.281,459.864987,792820.9254,306.868501,0.961229,1,0.838633,3.261789,3.873358,12.398397,3.200943,306.868501,453.123512,1825971.385,440.286051,706815.9214,306.343027,0.951191,1,0.837788,3.266354,12.398397,40.264539,3.24756,306.343027,453.310711,1833905.033,444.671389,725952.9615,305.612796,0.940713,0.915861,0.837631,2.365113,40.264539,94.999999,2.359396,305.612796,408.20836,1276174.839,405.889855,558689.0639,305.931472,TRUE,Success,1.086319,0.915861
12.3,0.85424,7126600.715,,,Success,1.213257,1.084512,0.828762,4.096014,1.01325,3.855888,3.805466,298,474.955491,2203850.45,459.151827,789660.8491,306.817805,0.961595,1,0.83866,3.261607,3.855888,12.341595,3.200714,306.817805,453.035856,1818105.847,440.220312,706529.5518,306.317222,0.95166,1,0.837833,3.266159,12.341595,40.077433,3.247346,306.317222,453.253352,1826068.378,444.620963,725732.5231,305.58444,0.941235,0.916956,0.837704,2.376134,40.077433,94.999999,2.370411,305.58444,408.783648,1278576.04,406.454876,561098.8778,305.948783,TRUE,Success,1.084512,0.916956
12.25,0.8544,7094070.527,,,Success,1.208325,1.0827,0.829216,4.076393,1.01325,3.838395,3.788202,298,474.138073,2184624.547,458.43763,786498.431,306.767048,0.961971,1,0.838687,3.261419,3.838395,12.284701,3.200479,306.767048,452.947783,1810239.744,440.154207,706241.602,306.291374,0.952141,1,0.837878,3.265957,12.284701,39.889966,3.247125,306.291374,453.195523,1818229.845,444.570083,725510.1066,305.556031,0.941771,0.918061,0.837777,2.387281,39.889966,95,2.381551,305.556031,409.363645,1280976.391,407.024487,563528.928,305.966045,TRUE,Success,1.0827,0.918061
12.2,0.854559,7061616.668,,,Success,1.203393,1.080885,0.829663,4.056797,1.01325,3.820918,3.770953,298,473.321234,2165491.268,457.723592,783338.945,306.71628,0.962347,1,0.838714,3.26123,3.820918,12.227862,3.200242,306.71628,452.859694,1802377.523,440.08811,705953.7025,306.265508,0.952623,1,0.837922,3.265753,12.227862,39.702673,3.246902,306.265508,453.137654,1810394.634,444.519181,725287.6045,305.527617,0.942308,0.919174,0.837848,2.398522,39.702673,95,2.392786,305.527617,409.946637,1283353.244,407.597026,565972.1503,305.983182,TRUE,Success,1.080885,0.919174
12.15,0.854717,7029237.124,,,Success,1.198461,1.079066,0.830103,4.037206,1.01325,3.803437,3.753701,298,472.50429,2146441.962,457.009098,780179.6544,306.665478,0.962728,1,0.838741,3.261037,3.803437,12.171001,3.200001,306.665478,452.771386,1794516.929,440.021831,705665.0243,306.23961,0.95311,1,0.837967,3.265545,12.171001,39.515279,3.246674,306.23961,453.07952,1802560.083,444.468032,725064.0334,305.499173,0.942852,0.920297,0.837919,2.409876,39.515279,95,2.404133,305.499173,410.533568,1285718.151,408.173406,568432.4614,306.000228,TRUE,Success,1.079066,0.920297
12.1,0.854873,6996931.818,,,Success,1.193529,1.077242,0.830537,4.017622,1.01325,3.785953,3.736445,298,471.687231,2127476.527,456.294145,777020.5211,306.614643,0.963114,1,0.838768,3.260841,3.785953,12.114121,3.199755,306.614643,452.682857,1786657.967,439.955369,705375.5666,306.213681,0.953604,1,0.838012,3.265331,12.114121,39.327783,3.246441,306.213681,453.021118,1794726.184,444.416632,724839.3779,305.4707,0.943405,0.921429,0.837989,2.421345,39.327783,95,2.415595,305.4707,411.124489,1288071.14,408.753678,570910.0886,306.017182,TRUE,Success,1.077242,0.921429
12.05,0.855028,6964700.668,,,Success,1.188597,1.075415,0.830963,3.998043,1.01325,3.768464,3.719185,298,470.870048,2108594.837,455.578725,773861.4973,306.563777,0.963506,1,0.838795,3.26064,3.768464,12.057219,3.199505,306.563777,452.594108,1778800.636,439.888725,705085.3256,306.187721,0.954105,1,0.838056,3.265113,12.057219,39.140184,3.246203,306.187721,452.962444,1786892.917,444.364978,724613.6192,305.442196,0.943965,0.922571,0.838058,2.432929,39.140184,95,2.427173,305.442196,411.719454,1290412.279,409.337892,573405.2756,306.034041,TRUE,Success,1.075415,0.922571
12,0.855182,6932543.602,,,Success,1.183665,1.073583,0.831382,3.97847,1.01325,3.750972,3.701921,298,470.052735,2089796.804,454.862834,770702.5481,306.512881,0.963902,1,0.838822,3.260436,3.750972,12.000296,3.19925,306.512881,452.505137,1770944.944,439.821897,704794.3014,306.161729,0.954613,1,0.838101,3.26489,12.000296,38.952482,3.24596,306.161729,452.903493,1779060.276,444.313067,724386.7433,305.413662,0.944534,0.923723,0.838127,2.444632,38.952482,95,2.438869,305.413662,412.318514,1292741.577,409.926097,575918.2516,306.050803,TRUE,Success,1.073583,0.923723
11.95,0.855335,6900460.534,,,Success,1.178733,1.071746,0.831793,3.958902,1.01325,3.733475,3.684654,298,469.235279,2071082.288,454.146465,767543.6199,306.461957,0.964304,1,0.838849,3.260227,3.733475,11.943352,3.19899,306.461957,452.415944,1763090.886,439.754884,704502.4884,306.135705,0.955127,1,0.838146,3.264662,11.943352,38.764673,3.245711,306.135705,452.844262,1771228.239,444.260892,724158.729,305.385098,0.945112,0.924885,0.838194,2.456455,38.764673,95,2.450685,305.385098,412.921727,1295059.122,410.518349,578449.2755,306.067463,TRUE,Success,1.071746,0.924885
11.9,0.855487,6868451.421,,,Success,1.173802,1.069905,0.832197,3.939341,1.01325,3.715975,3.667383,298,468.417686,2052451.343,453.429622,764384.7233,306.411007,0.964712,1,0.838876,3.260015,3.715975,11.886388,3.198726,306.411007,452.326531,1755238.509,439.68769,704209.9008,306.109649,0.955648,1,0.838191,3.264428,11.886388,38.576761,3.245457,306.109649,452.784749,1763396.844,444.208456,723929.5784,305.356504,0.945697,0.926057,0.83826,2.4684,38.576761,95,2.462622,305.356504,413.529131,1297364.725,411.114683,580998.5194,306.08402,TRUE,Success,1.069905,0.926057
11.85,0.855637,6836516.08,,,Success,1.16887,1.068059,0.832593,3.919785,1.01325,3.698471,3.650107,298,467.599903,2033903.325,452.712262,761225.6393,306.36003,0.965125,1,0.838903,3.259798,3.698471,11.829399,3.198457,306.36003,452.236885,1747387.673,439.620302,703916.4816,306.083561,0.956177,1,0.838236,3.264189,11.829399,38.388729,3.245197,306.083561,452.724937,1755565.911,444.155738,723699.2105,305.327879,0.946292,0.92724,0.838326,2.480469,38.388729,95,2.474685,305.327879,414.14084,1299659.172,411.71521,583566.4829,306.100472,TRUE,Success,1.068059,0.92724
11.8,0.855786,6804654.525,,,Success,1.163938,1.066209,0.832981,3.900234,1.01325,3.680962,3.632827,298,466.781956,2015438.573,451.994409,758066.4692,306.309029,0.965543,1,0.83893,3.259577,3.680962,11.772388,3.198182,306.309029,452.147015,1739538.499,439.552728,703622.2732,306.057441,0.956712,1,0.83828,3.263944,11.772388,38.200589,3.244931,306.057441,452.664833,1747735.567,444.102748,723467.66,305.299223,0.946896,0.928434,0.838391,2.492665,38.200589,95,2.486873,305.299223,414.756863,1301941.886,412.319936,586153.218,306.116815,TRUE,Success,1.066209,0.928434
11.75,0.855934,6772866.687,,,Success,1.159006,1.064354,0.833361,3.88069,1.01325,3.66345,3.615544,298,465.963841,1997057.031,451.276063,754907.1852,306.258007,0.965967,1,0.838957,3.259351,3.66345,11.715357,3.197903,306.258007,452.056923,1731691.006,439.484971,703327.2779,306.031288,0.957255,1,0.838325,3.263694,11.715357,38.012342,3.244659,306.031288,452.604434,1739905.815,444.049482,723234.9151,305.270536,0.947508,0.929639,0.838454,2.504988,38.012342,95,2.499188,305.270536,415.377252,1304212.835,412.928911,588758.9614,306.133044,TRUE,Success,1.064354,0.929639
11.7,0.85608,6741152.467,,,Success,1.154074,1.062494,0.833733,3.861151,1.01325,3.645934,3.598258,298,465.145539,1978758.466,450.557206,751747.7013,306.206963,0.966397,1,0.838984,3.259121,3.645934,11.658304,3.197618,306.206963,451.966604,1723845.163,439.417025,703031.4799,306.005103,0.957805,1,0.83837,3.263438,11.658304,37.823983,3.244381,306.005103,452.543732,1732076.605,443.995932,723000.9423,305.241818,0.94813,0.930855,0.838517,2.517441,37.823983,95,2.511634,305.241818,416.002079,1306472.233,413.542205,591384.0366,306.149158,TRUE,Success,1.062494,0.930855
11.65,0.856225,6709511.758,,,Success,1.149142,1.060629,0.834096,3.841618,1.01325,3.628414,3.580966,298,464.327023,1960542.593,449.837819,748587.9124,306.155899,0.966833,1,0.839011,3.258886,3.628414,11.601227,3.197327,306.155899,451.876052,1716000.926,439.348887,702734.8575,305.978885,0.958363,1,0.838414,3.263176,11.601227,37.635505,3.244097,305.978885,452.482717,1724247.867,443.94209,722765.7013,305.213068,0.948762,0.932082,0.838578,2.530027,37.635505,95,2.524212,305.213068,416.631426,1308720.372,414.159895,594028.7998,306.165153,TRUE,Success,1.060629,0.932082
11.6,0.856369,6677944.506,,,Success,1.14421,1.058759,0.83445,3.822091,1.01325,3.61089,3.563671,298,463.508295,1942409.407,449.117903,745427.8054,306.104816,0.967275,1,0.839039,3.258646,3.61089,11.544128,3.197031,306.104816,451.785269,1708158.325,439.280557,702437.4174,305.952634,0.958929,1,0.838459,3.262907,11.544128,37.446909,3.243806,305.952634,452.421388,1716419.622,443.887954,722529.1852,305.184287,0.949403,0.93332,0.838639,2.542748,37.446909,95,2.536925,305.184287,417.265342,1310957.152,414.782027,596693.4798,306.181026,TRUE,Success,1.058759,0.93332
11.55,0.856511,6646450.629,,,Success,1.139278,1.056884,0.834795,3.802568,1.01325,3.593362,3.546372,298,462.689339,1924358.76,448.397446,742267.3189,306.053716,0.967723,1,0.839066,3.258401,3.593362,11.487005,3.196729,306.053716,451.694254,1700317.352,439.212034,702139.1516,305.92635,0.959502,1,0.838504,3.262633,11.487005,37.258194,3.243508,305.92635,452.359739,1708591.843,443.833518,722291.3691,305.155474,0.950054,0.934571,0.838698,2.555605,37.258194,95,2.549775,305.155474,417.903895,1313182.675,415.408666,599378.3787,306.196774,TRUE,Success,1.056884,0.934571
11.5,0.856652,6615030.047,,,Success,1.134346,1.055003,0.835132,3.783052,1.01325,3.575829,3.529069,298,461.87014,1906390.489,447.676437,739106.3859,306.0026,0.968177,1,0.839092,3.258152,3.575829,11.429858,3.196422,306.0026,451.603002,1692477.996,439.143316,701840.0502,305.900032,0.960084,1,0.838548,3.262351,11.429858,37.069357,3.243204,305.900032,452.297763,1700764.499,443.778775,722052.2263,305.126629,0.950715,0.935833,0.838757,2.568602,37.069357,95,2.562764,305.126629,418.547154,1315397.062,416.039879,602083.8111,306.212392,TRUE,Success,1.055003,0.935833
11.45,0.856791,6583682.695,,,Success,1.129414,1.053118,0.835459,3.763541,1.01325,3.558292,3.511762,298,461.050694,1888504.541,446.954873,735944.9752,305.951469,0.968638,1,0.839119,3.257897,3.558292,11.372688,3.196108,305.951469,451.511516,1684640.274,439.074402,701540.1142,305.873681,0.960674,1,0.838592,3.262063,11.372688,36.880399,3.242892,305.873681,452.235457,1692937.596,443.723723,721811.7426,305.097751,0.951386,0.937107,0.838814,2.581741,36.880399,94.999999,2.575894,305.097751,419.195178,1317600.284,416.67572,604810.0446,306.227877,TRUE,Success,1.053118,0.937107
11.4,0.856929,6552408.501,,,Success,1.124482,1.051227,0.835777,3.744035,1.01325,3.540752,3.49445,298,460.230987,1870700.795,446.232745,732783.0327,305.900325,0.969104,1,0.839146,3.257637,3.540752,11.315494,3.195789,305.900325,451.419792,1676804.186,439.005291,701239.3378,305.847296,0.961272,1,0.838637,3.261768,11.315494,36.691317,3.242573,305.847296,452.172815,1685111.116,443.668357,721569.8958,305.068841,0.952068,0.938393,0.83887,2.595024,36.691317,94.999999,2.589168,305.068841,419.848035,1319792.404,417.316255,607557.3844,306.243226,TRUE,Success,1.051227,0.938393
11.35,0.857065,6521207.378,,,Success,1.11955,1.049331,0.836085,3.724535,1.01325,3.523207,3.477135,298,459.411001,1852979.044,445.510036,729620.4735,305.849168,0.969578,1,0.839173,3.257371,3.523207,11.258276,3.195463,305.849168,451.327826,1668969.709,438.93598,700937.7056,305.820877,0.961878,1,0.838681,3.261466,11.258276,36.502108,3.242247,305.820877,452.109829,1677285.014,443.612668,721326.6519,305.039899,0.95276,0.939692,0.838926,2.608453,36.502108,94.999999,2.602589,305.039899,420.505805,1321973.612,417.961558,610326.1858,306.258433,TRUE,Success,1.049331,0.939692
11.3,0.8572,6490079.25,,,Success,1.114618,1.047429,0.836383,3.70504,1.01325,3.505657,3.459815,298,458.59072,1835339.118,444.786733,726457.2245,305.798,0.970058,1,0.8392,3.2571,3.505657,11.201032,3.19513,305.798,451.235617,1661136.827,438.866465,700635.2055,305.794424,0.962493,1,0.838724,3.261156,11.201032,36.312769,3.241913,305.794424,452.046492,1669459.255,443.556651,721081.9809,305.010923,0.953464,0.941004,0.83898,2.622032,36.312769,94.999999,2.61616,305.010923,421.168563,1324144.049,418.611703,613116.7924,306.273497,TRUE,Success,1.047429,0.941004
11.25,0.857334,6459024.057,,,Success,1.109686,1.045522,0.836671,3.685551,1.01325,3.488104,3.442491,298,457.770136,1817780.979,444.062834,723293.2563,305.746822,0.970544,1,0.839226,3.256823,3.488104,11.143764,3.194791,305.746822,451.143163,1653305.563,438.796749,700331.8394,305.767937,0.963117,1,0.838768,3.260839,11.143764,36.1233,3.241571,305.767937,451.9828,1661633.85,443.5003,720835.8693,304.981914,0.954178,0.942329,0.839032,2.635763,36.1233,94.999999,2.629881,304.981914,421.836371,1326303.666,419.266746,615929.4882,306.288411,TRUE,Success,1.045522,0.942329
11.2,0.857465,6428041.72,,,Success,1.104754,1.043609,0.836949,3.666067,1.01325,3.470546,3.425163,298,456.949232,1800304.436,443.338322,720128.4868,305.695636,0.971038,1,0.839253,3.256541,3.470546,11.086471,3.194446,305.695636,451.050462,1645475.896,438.726826,700027.5925,305.741414,0.96375,1,0.838812,3.260515,11.086471,35.933699,3.241221,305.741414,451.918745,1653808.755,443.44361,720588.2833,304.952871,0.954904,0.943667,0.839084,2.649648,35.933699,94.999999,2.643758,304.952871,422.509312,1328452.633,419.926767,618764.6404,306.303171,TRUE,Success,1.043609,0.943667
11.15,0.857595,6397132.09,,,Success,1.099822,1.041691,0.837216,3.646587,1.01325,3.452983,3.407829,298,456.127936,1782908.692,442.613133,716962.622,305.64444,0.971538,1,0.839279,3.256252,3.452983,11.029147,3.194093,305.64444,450.957493,1637647.643,438.656678,699722.3833,305.714856,0.964392,1,0.838855,3.260182,11.029147,35.743941,3.240862,305.714856,451.854302,1645983.737,443.386553,720339.1105,304.923793,0.955642,0.945019,0.839134,2.663693,35.743941,94.999999,2.657793,304.923793,423.187545,1330592.017,420.591916,621622.941,306.317777,TRUE,Success,1.041691,0.945019
11.1,0.857724,6366295.285,,,Success,1.094891,1.039766,0.837473,3.627114,1.01325,3.435417,3.390493,298,455.306364,1765595.12,441.887376,713796.1193,305.59324,0.972046,1,0.839305,3.255957,3.435417,10.971804,3.193733,305.59324,450.864293,1629821.208,438.58634,699416.3672,305.688264,0.965043,1,0.838898,3.259841,10.971804,35.554074,3.240495,305.688264,451.789508,1638159.255,443.329169,720088.5175,304.894684,0.956392,0.946384,0.839184,2.677895,35.554074,94.999999,2.671986,304.894684,423.870959,1332719.702,421.262087,624503.9586,306.332216,TRUE,Success,1.039766,0.946384
11.05,0.857851,6335531.152,,,Success,1.089959,1.037836,0.837719,3.607647,1.01325,3.417847,3.373153,298,454.484444,1748362.924,441.160986,710628.685,305.542036,0.97256,1,0.839331,3.255656,3.417847,10.914437,3.193366,305.542036,450.770843,1621996.406,438.515795,699109.4628,305.661637,0.965704,1,0.838941,3.259491,10.914437,35.364075,3.240119,305.661637,451.724337,1630335.075,443.271431,719836.3916,304.86554,0.957153,0.947763,0.839232,2.69226,35.364075,94.999999,2.686342,304.86554,424.559715,1334836.747,421.937432,627408.3934,306.346488,TRUE,Success,1.037836,0.947763
11,0.857976,6304839.604,,,Success,1.085027,1.0359,0.837954,3.588186,1.01325,3.400273,3.355808,298,453.662147,1731211.804,440.433937,707460.1944,305.490828,0.973082,1,0.839357,3.255349,3.400273,10.857044,3.192992,305.490828,450.677136,1614173.187,438.445036,698801.6419,305.634974,0.966374,1,0.838983,3.259133,10.857044,35.173937,3.239734,305.634974,451.658776,1622511.118,443.213327,719582.6826,304.836363,0.957927,0.949156,0.839278,2.706791,35.173937,94.999999,2.700863,304.836363,425.253916,1336943.495,422.618048,630336.6997,306.360587,TRUE,Success,1.0359,0.949156
10.95,0.858099,6274220.408,,,Success,1.080095,1.033958,0.838177,3.568726,1.01325,3.382691,3.338456,298,452.83931,1714139.985,439.706085,704289.9997,305.439611,0.973612,1,0.839383,3.255034,3.382691,10.79961,3.19261,305.439611,450.583123,1606351.103,438.374017,698492.7103,305.608273,0.967055,1,0.839025,3.258766,10.79961,34.983601,3.239339,305.608273,451.59277,1614686.83,443.154802,719327.1442,304.807146,0.958715,0.950565,0.839323,2.721496,34.983601,94.999999,2.715558,304.807146,425.953856,1339042.49,423.30422,633290.1407,306.374515,TRUE,Success,1.033958,0.950565
10.9,0.858221,6243673.849,,,Success,1.075163,1.032009,0.838389,3.549275,1.01325,3.365108,3.321103,298,452.016211,1697150.615,438.977683,701119.1894,305.388398,0.974148,1,0.839408,3.254714,3.365108,10.742165,3.19222,305.388398,450.488892,1598531.037,438.302821,698183.0244,305.581539,0.967744,1,0.839067,3.25839,10.742165,34.793178,3.238935,305.581539,451.526409,1606863.248,443.095948,719070.1792,304.777899,0.959514,0.951988,0.839367,2.736368,34.793178,94.999999,2.73042,304.777899,426.659196,1341128.949,423.995615,636267.3319,306.388254,TRUE,Success,1.032009,0.951988
10.85,0.858341,6213199.596,,,Success,1.070231,1.030055,0.838589,3.529827,1.01325,3.347519,3.303744,298,451.192598,1680240.912,438.248501,697946.7561,305.337181,0.974693,1,0.839434,3.254386,3.347519,10.684685,3.191822,305.337181,450.394367,1590712.267,438.231377,697872.2758,305.554766,0.968445,1,0.839108,3.258004,10.684685,34.602576,3.238521,305.554766,451.459607,1599039.488,443.036676,718811.406,304.748614,0.960328,0.953426,0.83941,2.751418,34.602576,94.999999,2.74546,304.748614,427.370366,1343206.928,424.692649,639270.1004,306.401808,TRUE,Success,1.030055,0.953426
10.8,0.858459,6182797.709,,,Success,1.065299,1.028094,0.838777,3.510385,1.01325,3.329926,3.286381,298,450.36856,1663411.942,437.518624,694773.0541,305.285965,0.975245,1,0.839459,3.254051,3.329926,10.627179,3.191416,305.285965,450.299578,1582895.114,438.159713,697560.5882,305.527957,0.969156,1,0.839149,3.257608,10.627179,34.411833,3.238097,305.527957,451.392391,1591215.915,442.977017,718550.9525,304.719295,0.961155,0.95488,0.839451,2.766646,34.411833,94.999999,2.760678,304.719295,428.087298,1345274.739,425.395252,642298.1938,306.415168,TRUE,Success,1.028094,0.95488
10.75,0.858576,6152468.126,,,Success,1.060367,1.026126,0.838952,3.49095,1.01325,3.312329,3.269015,298,449.544079,1646663.532,436.788036,691597.9973,305.234752,0.975805,1,0.839484,3.253708,3.312329,10.569648,3.191002,305.234752,450.204522,1575079.56,438.087825,697247.9457,305.501112,0.969877,1,0.83919,3.257202,10.569648,34.220948,3.237662,305.501112,451.324753,1583392.49,442.916961,718288.7815,304.68994,0.961995,0.956349,0.839491,2.782056,34.220948,94.999998,2.776077,304.68994,428.810085,1347332.544,426.103512,645352.0401,306.428326,TRUE,Success,1.026126,0.956349
10.7,0.85869,6122210.689,,,Success,1.055435,1.024153,0.839115,3.471516,1.01325,3.294725,3.251641,298,448.719016,1629994.23,436.056612,688421.0364,305.183536,0.976374,1,0.839508,3.253358,3.294725,10.51208,3.190579,305.183536,450.109156,1567265.243,438.015677,696934.1845,305.474228,0.97061,1,0.83923,3.256786,10.51208,34.029872,3.237216,305.474228,451.256644,1575568.756,442.856461,718024.6805,304.660546,0.962851,0.957835,0.839529,2.797654,34.029872,94.999998,2.791665,304.660546,429.538998,1349382.461,426.817689,648432.8014,306.441284,TRUE,Success,1.024153,0.957835
10.65,0.858803,6092025.444,,,Success,1.050503,1.022172,0.839265,3.452089,1.01325,3.277118,3.234264,298,447.893458,1613405.03,435.324432,685242.4997,305.132325,0.976951,1,0.839532,3.253,3.277118,10.454485,3.190146,305.132325,450.01351,1559452.462,437.943294,696619.4204,305.447306,0.971354,1,0.839269,3.256358,10.454485,33.838643,3.236759,305.447306,451.18809,1567745.052,442.795542,717758.7674,304.631117,0.963721,0.959337,0.839566,2.813441,33.838643,94.999998,2.807441,304.631117,430.27398,1351422.9,427.537724,651540.2795,306.454029,TRUE,Success,1.022172,0.959337
10.6,0.858914,6061912.352,,,Success,1.045571,1.020185,0.839402,3.432667,1.01325,3.259506,3.216882,298,447.067401,1596895.965,434.591495,682062.372,305.081118,0.977536,1,0.839556,3.252634,3.259506,10.396864,3.189705,305.081118,449.917585,1551641.259,437.870678,696303.66,305.420347,0.972109,1,0.839309,3.25592,10.396864,33.647265,3.23629,305.420347,451.119088,1559921.407,442.734202,717491.0306,304.601651,0.964605,0.960856,0.839601,2.82942,33.647265,94.999998,2.823409,304.601651,431.015103,1353453.722,428.263685,654674.8152,306.466554,TRUE,Success,1.020185,0.960856
10.55,0.859023,6031871.323,,,Success,1.040639,1.018192,0.839526,3.413249,1.01325,3.241889,3.199496,298,446.240767,1580466.235,433.857729,678880.3321,305.029916,0.97813,1,0.83958,3.25226,3.241889,10.33921,3.189255,305.029916,449.821359,1543831.445,437.797807,695986.812,305.39335,0.972876,1,0.839347,3.25547,10.33921,33.455714,3.235809,305.39335,451.049608,1552097.572,442.672413,717221.342,304.572148,0.965505,0.962393,0.839635,2.845597,33.455714,94.999998,2.839575,304.572148,431.762558,1355476.071,428.995752,657837.2416,306.478856,TRUE,Success,1.018192,0.962393
10.5,0.85913,6001902.328,,,Success,1.035707,1.016191,0.839636,3.393837,1.01325,3.224267,3.182104,298,445.41355,1564115.849,433.12313,675696.3503,304.978718,0.978733,1,0.839603,3.251878,3.224267,10.281527,3.188795,304.978718,449.724831,1536023.054,437.724683,695668.8782,305.366313,0.973654,1,0.839385,3.255009,10.281527,33.263991,3.235316,305.366313,450.979646,1544273.565,442.610168,716949.6835,304.542607,0.966421,0.963946,0.839667,2.861974,33.263991,94.999998,2.855941,304.542607,432.516426,1357489.861,429.734002,661027.9414,306.490926,TRUE,Success,1.016191,0.963946
10.45,0.859235,5972005.325,,,Success,1.030775,1.014184,0.839732,3.374429,1.01325,3.20664,3.164708,298,444.585718,1547844.541,432.387671,672510.2958,304.927527,0.979345,1,0.839626,3.251487,3.20664,10.223811,3.188325,304.927527,449.627994,1528216.041,437.651298,695349.828,305.339238,0.974445,1,0.839422,3.254535,10.223811,33.072092,3.234811,305.339238,450.909187,1536449.311,442.547457,716675.9978,304.513027,0.967353,0.965518,0.839697,2.878558,33.072092,94.999998,2.872513,304.513027,433.27683,1359495.432,430.478549,664247.4675,306.502759,TRUE,Success,1.014184,0.965518
10.4,0.859338,5942180.287,,,Success,1.025843,1.012169,0.839813,3.355025,1.01325,3.189009,3.147307,298,443.757259,1531652.265,431.651342,669322.1159,304.876342,0.979965,1,0.839649,3.251087,3.189009,10.166064,3.187845,304.876342,449.530845,1520410.426,437.577651,695029.6558,305.312123,0.975248,1,0.839459,3.254049,10.166064,32.880017,3.234292,305.312123,450.838225,1528624.807,442.484271,716400.2572,304.48341,0.968301,0.967108,0.839726,2.89535,32.880017,94.999998,2.889293,304.48341,434.043863,1361492.789,431.22948,667496.256,306.514345,TRUE,Success,1.012169,0.967108
10.35,0.859439,5912427.194,,,Success,1.020911,1.010148,0.839881,3.335628,1.01325,3.171373,3.129902,298,442.928184,1515539.199,430.914154,666131.8422,304.825168,0.980595,1,0.839671,3.250678,3.171373,10.108288,3.187354,304.825168,449.433391,1512606.287,437.503747,694708.3831,305.284968,0.976063,1,0.839495,3.25355,10.108288,32.687776,3.23376,305.284968,450.76676,1520800.125,442.420612,716122.4657,304.453754,0.969266,0.968717,0.839753,2.912354,32.687776,94.999998,2.906285,304.453754,434.817589,1363481.584,431.986852,670774.6153,306.525676,TRUE,Success,1.010148,0.968717
10.3,0.859538,5882745.916,,,Success,1.015979,1.008119,0.839933,3.316228,1.01325,3.153725,3.112485,298,442.098151,1499501.838,430.175795,662938.1226,304.773991,0.981236,1,0.839693,3.250258,3.153725,10.050454,3.186852,304.773991,449.335526,1504802.687,437.429488,694385.5861,305.257769,0.976894,1,0.83953,3.253036,10.050454,32.495249,3.233212,305.257769,450.69467,1512974.107,442.356358,715842.0946,304.424051,0.970251,0.970347,0.839778,2.929586,32.495249,94.999998,2.923504,304.424051,435.59861,1365467.285,432.751245,674085.1134,306.536757,TRUE,Success,1.008119,0.970347
10.25,0.859635,5853136.667,,,Success,1.011048,1.006083,0.83997,3.296844,1.01325,3.136083,3.095074,298,441.267866,1483547.672,429.436911,659743.7293,304.72284,0.981884,1,0.839714,3.249831,3.136083,9.99263,3.186341,304.72284,449.237473,1497001.722,437.355082,694062.1687,305.230537,0.977734,1,0.839564,3.252511,9.99263,32.302701,3.232653,305.230537,450.622197,1505149.262,442.291752,715560.2018,304.394322,0.971249,0.971994,0.839802,2.947024,32.302701,94.999997,2.940931,304.394322,436.385926,1367438.011,433.521687,677423.6167,306.54755,TRUE,Success,1.006083,0.971994
10.2,0.85973,5823599.216,,,Success,1.006116,1.00404,0.839992,3.277458,1.01325,3.118431,3.077652,298,440.436619,1467669.355,428.696855,656545.8612,304.671691,0.982542,1,0.839735,3.249392,3.118431,9.93475,3.185817,304.671691,449.139012,1489201.394,437.280325,693737.2401,305.20326,0.978589,1,0.839598,3.25197,9.93475,32.109877,3.232077,305.20326,450.549092,1497323.147,442.226545,715275.6987,304.364546,0.972268,0.973662,0.839823,2.964698,32.109877,94.999997,2.958591,304.364546,437.180711,1369405.32,434.299308,680795.0786,306.558075,TRUE,Success,1.00404,0.973662
10.15,0.859822,5794133.625,,,Success,1.001184,1.001989,0.839998,3.258077,1.01325,3.100773,3.060225,298,439.604612,1451869.105,427.955812,653345.3081,304.620553,0.983211,1,0.839755,3.248944,3.100773,9.876837,3.185282,304.620553,449.040208,1481402.345,437.205276,693411.0658,305.175942,0.979458,1,0.839631,3.251414,9.876837,31.91686,3.231486,305.175942,450.475419,1489496.509,442.160804,714988.8788,304.334729,0.973305,0.975351,0.839843,2.982603,31.91686,94.999997,2.976483,304.334729,437.98274,1371365.666,435.083887,684198.6142,306.568312,TRUE,Success,1.001989,0.975351
10.1,0.859913,5764739.888,,,Success,0.996252,0.999931,0.839989,3.238701,1.01325,3.08311,3.042793,298,438.771819,1436146.737,427.213759,650141.9549,304.569426,0.98389,1,0.839775,3.248485,3.08311,9.81889,3.184735,304.569426,448.941054,1473604.551,437.129931,693083.6199,305.148582,0.980341,1,0.839662,3.250843,9.81889,31.723645,3.230879,305.148582,450.401167,1481669.292,442.094515,714699.6865,304.304872,0.974361,0.977061,0.839861,3.000745,31.723645,94.999997,2.994612,304.304872,438.792144,1373319.308,435.875544,687634.8245,306.578253,TRUE,Success,0.999931,0.977061
10.05,0.860001,5735418.006,,,Success,0.99132,0.997865,0.839962,3.219329,1.01325,3.065442,3.025356,298,437.938185,1420501.808,426.470648,646935.5854,304.518311,0.98458,1,0.839794,3.248015,3.065442,9.760905,3.184176,304.518311,448.841536,1465807.919,437.054275,692754.8437,305.12118,0.981239,1,0.839693,3.250256,9.760905,31.530219,3.230256,305.12118,450.326312,1473841.353,442.027656,714408.0255,304.274973,0.975438,0.978793,0.839877,3.019129,31.530219,94.999997,3.012983,304.274973,439.609097,1375266.926,436.674443,691104.4913,306.587889,TRUE,Success,0.997865,0.978793
10,0.860087,5706167.99,,,Success,0.986388,0.995792,0.839919,3.19996,1.01325,3.047767,3.007913,298,437.103694,1404934.25,425.726463,643726.1235,304.467208,0.98528,1,0.839813,3.247534,3.047767,9.702884,3.183604,304.467208,448.74165,1458012.458,436.978306,692424.7236,305.093735,0.982151,1,0.839723,3.249653,9.702884,31.336583,3.229615,305.093735,450.250843,1466012.67,441.960219,714113.8536,304.245032,0.976534,0.980547,0.83989,3.037761,31.336583,94.999997,3.0316,304.245032,440.43372,1377208.612,437.480695,694608.1772,306.597211,TRUE,Success,0.995792,0.980547
9.95,0.860171,5676989.858,,,Success,0.981456,0.99371,0.839859,3.180596,1.01325,3.030087,2.990464,298,436.268307,1389443.792,424.98117,640513.4133,304.416117,0.985991,1,0.83983,3.247041,3.030087,9.644825,3.183019,304.416117,448.641386,1450218.12,436.902014,692093.2202,305.066246,0.983079,1,0.839751,3.249033,9.644825,31.14273,3.228957,305.066246,450.174743,1458183.155,441.892185,713817.096,304.215048,0.977652,0.982324,0.839902,3.056645,31.14273,94.999997,3.050471,304.215048,441.266167,1379144.791,438.294445,698146.5913,306.606207,TRUE,Success,0.99371,0.982324
9.9,0.860253,5647883.634,,,Success,0.976524,0.991621,0.839782,3.161235,1.01325,3.012402,2.973009,298,435.431992,1374030.216,424.23474,637297.3168,304.36504,0.986713,1,0.839848,3.246537,3.012402,9.586729,3.18242,304.36504,448.540735,1442424.871,436.825392,691760.2996,305.038714,0.984022,1,0.839779,3.248395,9.586729,30.948656,3.228281,305.038714,450.097995,1450352.732,441.823539,713517.684,304.185021,0.97879,0.984124,0.839912,3.075789,30.948656,94.999997,3.0696,304.185021,442.10659,1381075.815,439.115831,701720.4274,306.614867,TRUE,Success,0.991621,0.984124
9.85,0.860332,5618849.354,,,Success,0.971592,0.989524,0.839686,3.141878,1.01325,2.99471,2.955549,298,434.594706,1358693.232,423.487136,634077.6642,304.313976,0.987447,1,0.839864,3.24602,2.99471,9.528592,3.181808,304.313976,448.439687,1434632.658,436.748429,691425.9176,305.011138,0.984981,1,0.839805,3.24774,9.528592,30.754354,3.227586,305.011138,450.02058,1442521.3,441.754261,713215.5355,304.154949,0.979951,0.985948,0.839919,3.095197,30.754354,94.999996,3.088993,304.154949,442.955156,1383002.164,439.94501,705330.448,306.623181,TRUE,Success,0.989524,0.985948
9.8,0.860409,5589887.059,,,Success,0.96666,0.987418,0.839573,3.122525,1.01325,2.977012,2.938082,298,433.756425,1343432.71,422.738334,630854.3465,304.262926,0.988192,1,0.83988,3.24549,2.977012,9.470417,3.181182,304.262926,448.338233,1426841.47,436.671119,691090.0495,304.983516,0.985956,1,0.83983,3.247065,9.470417,30.559821,3.226872,304.983516,449.942482,1434688.813,441.684339,712910.5906,304.124834,0.981135,0.987797,0.839924,3.114875,30.559821,94.999996,3.108657,304.124834,443.81201,1384924.066,440.782114,708977.328,306.631136,TRUE,Success,0.987418,0.987797
9.75,0.860484,5560996.805,,,Success,0.961728,0.985305,0.839441,3.103175,1.01325,2.959308,2.92061,298,432.917099,1328248.316,421.988292,627627.171,304.211891,0.988949,1,0.839895,3.244948,2.959308,9.4122,3.180541,304.211891,448.236363,1419051.241,436.593451,690752.6434,304.95585,0.986948,1,0.839853,3.246371,9.4122,30.365049,3.226137,304.95585,449.863679,1426855.147,441.61375,712602.7555,304.094674,0.982341,0.989672,0.839926,3.134831,30.365049,94.999996,3.128597,304.094674,444.677335,1386842.1,441.627313,712661.9017,306.638722,TRUE,Success,0.985305,0.989672
9.7,0.860556,5532178.659,,,Success,0.956796,0.983183,0.83929,3.083829,1.01325,2.941598,2.903131,298,432.076689,1313139.775,421.236971,624395.9647,304.16087,0.989718,1,0.839909,3.244392,2.941598,9.353941,3.179885,304.16087,448.134063,1411261.919,436.515414,690413.6534,304.928137,0.987958,1,0.839875,3.245657,9.353941,30.170031,3.225382,304.928137,449.784151,1419020.202,441.542474,712291.9424,304.064468,0.983572,0.991573,0.839927,3.155069,30.170031,94.999996,3.14882,304.064468,445.551309,1388756.763,442.480772,716384.9877,306.645925,TRUE,Success,0.983183,0.991573
9.65,0.860626,5503432.694,,,Success,0.951864,0.981052,0.83912,3.064485,1.01325,2.923881,2.885646,298,431.235156,1298106.878,420.484339,621160.5778,304.109864,0.990499,1,0.839923,3.243822,2.923881,9.29564,3.179213,304.109864,448.031324,1403473.47,436.436998,690073.0409,304.900378,0.988984,1,0.839896,3.244922,9.29564,29.974762,3.224604,304.900378,449.703877,1411183.892,441.470492,711978.0713,304.034215,0.984827,0.9935,0.839924,3.175598,29.974762,94.999996,3.169333,304.034215,446.434105,1390668.455,443.342649,720147.3826,306.652733,TRUE,Success,0.981052,0.9935
9.6,0.860693,5474758.998,,,Success,0.946932,0.978913,0.83893,3.045145,1.01325,2.906157,2.868154,298,430.392462,1283149.399,419.73036,617920.8511,304.058873,0.991293,1,0.839935,3.243238,2.906157,9.237296,3.178526,304.058873,447.928135,1395685.854,436.358196,689730.7645,304.872572,0.990029,1,0.839915,3.244165,9.237296,29.779238,3.223805,304.872572,449.622837,1403346.128,441.397786,711661.0568,304.003916,0.986108,0.995455,0.839919,3.196424,29.779238,94.999996,3.190142,304.003916,447.325902,1392577.618,444.21311,723949.9181,306.659133,TRUE,Success,0.978913,0.995455
9.55,0.860758,5446157.705,,,Success,0.942,0.976766,0.83872,3.025807,1.01325,2.888426,2.850655,298,429.548516,1268266.603,418.974951,614676.4151,304.007895,0.992101,1,0.839947,3.242639,2.888426,9.178903,3.177821,304.007895,447.824469,1387898.889,436.278979,689386.7129,304.844717,0.991093,1,0.839932,3.243386,9.178903,29.583434,3.222982,304.844717,449.54099,1395506.636,441.324315,711340.7273,303.973568,0.987416,0.997439,0.839912,3.217555,29.583434,94.999996,3.211257,303.973568,448.226974,1394485.577,445.092409,727793.8166,306.665112,TRUE,Success,0.976766,0.997439
9.5,0.860821,5417628.868,,,Success,0.937068,0.974609,0.83849,3.006474,1.01325,2.87069,2.833151,298,428.703367,1253459.155,418.218159,611427.4631,303.956935,0.992921,1,0.839957,3.242025,2.87069,9.120469,3.1771,303.956935,447.720343,1380112.785,436.199367,689040.9599,304.816816,0.992175,1,0.839948,3.242583,9.120469,29.387377,3.222135,304.816816,449.458349,1387665.629,441.250092,711017.1356,303.943173,0.98875,0.999452,0.839902,3.238996,29.387377,94.999995,3.23268,303.943173,449.137361,1396391.299,445.980576,731679.3297,306.670652,TRUE,Success,0.974609,0.999452
9.45,0.86088,5389172.712,,,Success,0.932137,0.972444,0.838238,2.987141,1.01325,2.852945,2.815637,298,427.856842,1238725.554,417.459824,608173.3064,303.905987,0.993755,1,0.839967,3.241395,2.852945,9.061981,3.176361,303.905987,447.615704,1372327.141,436.119308,688693.2888,304.788864,0.993278,1,0.839962,3.241756,9.061981,29.191016,3.221262,304.788864,449.37484,1379822.558,441.175046,710689.9767,303.912726,0.990112,1.001496,0.839888,3.260759,29.191016,94.999995,3.254426,303.912726,450.057478,1398297.459,446.878002,735608.2921,306.675742,TRUE,Success,0.972444,1.001496
9.4,0.860938,5360789.308,,,Success,0.927205,0.97027,0.837966,2.967811,1.01325,2.835193,2.798118,298,427.008999,1224066.543,416.7,604914.1644,303.855056,0.994603,1,0.839975,3.240749,2.835193,9.003449,3.175604,303.855056,447.510571,1364542.188,436.038821,688343.7814,304.760863,0.9944,1,0.839973,3.240904,9.003449,28.994381,3.220364,304.760863,449.290477,1371977.66,441.099191,710359.3108,303.882231,0.991503,1.00357,0.839872,3.282847,28.994381,94.999995,3.276497,303.882231,450.987364,1400202.917,447.784714,739580.9496,306.680363,TRUE,Success,0.97027,1.00357
9.35,0.860992,5332478.908,,,Success,0.922273,0.968087,0.837671,2.948483,1.01325,2.817433,2.78059,298,426.15969,1209480.891,415.93855,601649.4449,303.804138,0.995465,1,0.839983,3.240086,2.817433,8.944863,3.174827,303.804138,447.404898,1356757.597,435.957864,687992.2517,304.732811,0.995543,1,0.839983,3.240026,8.944863,28.797429,3.219438,304.732811,449.205195,1364130.466,441.022464,710024.8656,303.851683,0.992924,1.005677,0.839853,3.305274,28.797429,94.999995,3.298905,303.851683,451.927407,1402109.954,448.701073,743599.0242,306.684502,TRUE,Success,0.968087,1.005677
9.3,0.861044,5304241.599,,,Success,0.917341,0.965894,0.837354,2.929157,1.01325,2.799666,2.763055,298,425.308973,1194969.373,415.175531,598379.3778,303.753238,0.996342,1,0.839989,3.239406,2.799666,8.88623,3.174032,303.753238,447.298705,1348973.608,435.876456,687638.785,304.704708,0.996707,1,0.839991,3.239121,8.88623,28.600193,3.218484,304.704708,449.119008,1356281.22,440.94488,709686.7025,303.821084,0.994375,1.007817,0.839831,3.328043,28.600193,94.999995,3.321656,303.821084,452.877646,1404017.398,449.627109,747662.7838,306.688139,TRUE,Success,0.965894,1.007817
9.25,0.861093,5276077.706,,,Success,0.912409,0.963692,0.837015,2.909833,1.01325,2.78189,2.745512,298,424.456679,1180530.588,414.410785,595103.2881,303.702349,0.997234,1,0.839994,3.238707,2.78189,8.82754,3.173217,303.702349,447.19194,1341189.843,435.794548,687283.1666,304.676553,0.997893,1,0.839996,3.238187,8.82754,28.402622,3.217501,304.676553,449.031843,1348429.384,440.866366,709344.5088,303.790432,0.995859,1.009992,0.839806,3.351168,28.402622,94.999995,3.344761,303.790432,453.838519,1405927.892,450.563229,751774.1633,306.691257,TRUE,Success,0.963692,1.009992
9.2,0.86114,5247987.4,,,Success,0.907477,0.961481,0.836653,2.89051,1.01325,2.764107,2.727961,298,423.602815,1166164.823,413.644319,591821.1958,303.651476,0.998141,1,0.839997,3.23799,2.764107,8.768797,3.17238,303.651476,447.084605,1333406.4,435.712142,686925.4115,304.648346,0.999102,1,0.839999,3.237224,8.768797,28.204731,3.216488,304.648346,448.94369,1340575.016,440.786915,708998.2544,303.759725,0.997375,1.012202,0.839777,3.374655,28.204731,94.999994,3.368229,303.759725,454.810168,1407841.161,451.509557,755933.865,306.693838,TRUE,Success,0.961481,1.012202
9.15,0.861183,5219971.001,,,Success,0.902545,0.95926,0.836266,2.871188,1.01325,2.746314,2.710401,298,422.747272,1151871.286,412.876032,588532.6644,303.600615,0.999064,1,0.839999,3.237254,2.746314,8.709995,3.171522,303.600615,446.976666,1325623.068,435.629208,686565.383,304.620084,1.000334,1,0.84,3.23623,8.709995,28.006493,3.215443,304.620084,448.854497,1332717.783,440.706477,708647.7174,303.728963,0.998925,1.014449,0.839745,3.398516,28.006493,94.999994,3.39207,303.728963,455.792939,1409758.864,452.466413,760143.4599,306.695862,TRUE,Success,0.95926,1.014449
9.1,0.861224,5192028.792,,,Success,0.897613,0.95703,0.835856,2.851867,1.01325,2.728512,2.692832,298,421.889996,1137649.731,412.105877,585237.4821,303.549767,1.000004,1,0.84,3.236497,2.728512,8.651135,3.170642,303.549767,446.868108,1317839.795,435.54573,686203.018,304.591768,1.00159,1,0.839998,3.235203,8.651135,27.807901,3.214365,304.591768,448.764232,1324857.54,440.625021,708292.7652,303.698144,1.00051,1.016734,0.839709,3.422762,27.807901,94.999994,3.416295,303.698144,456.787091,1411681.726,453.434031,764404.1422,306.697309,TRUE,Success,0.95703,1.016734
9.05,0.861262,5164161.103,,,Success,0.892681,0.954789,0.835421,2.832545,1.01325,2.710701,2.675254,298,421.030921,1123499.783,411.333792,581935.3751,303.498931,1.00096,1,0.839999,3.235719,2.710701,8.592213,3.169738,303.498931,446.758909,1310056.484,435.46169,685838.2324,304.563397,1.002871,1,0.839993,3.234144,8.592213,27.608943,3.213252,304.563397,448.672855,1316994.092,440.542509,707933.2356,303.667267,1.002132,1.019059,0.839669,3.447401,27.608943,94.999994,3.440914,303.667267,457.792912,1413610.745,454.412674,768717.2564,306.698158,TRUE,Success,0.954789,1.019059
9,0.861298,5136368.276,,,Success,0.887749,0.952539,0.834961,2.813225,1.01325,2.69288,2.657666,298,420.169989,1109421.189,410.559723,578626.1177,303.448107,1.001933,1,0.839997,3.234921,2.69288,8.533229,3.168811,303.448107,446.649051,1302273.076,435.377071,685470.9576,304.534969,1.004177,1,0.839985,3.23305,8.533229,27.409614,3.212103,304.534969,448.580332,1309127.278,440.458907,707568.9825,303.636332,1.003792,1.021425,0.839625,3.472446,27.409614,94.999994,3.465937,303.636332,458.810683,1415546.733,455.402593,773084.0959,306.698385,TRUE,Success,0.952539,1.021425
8.95,0.86133,5108650.814,,,Success,0.882817,0.950278,0.834476,2.793903,1.01325,2.675049,2.640068,298,419.307058,1095412.908,409.78354,575309.1383,303.397292,1.002925,1,0.839993,3.234099,2.675049,8.474176,3.167859,303.397292,446.538488,1294489.282,435.29183,685101.0082,304.506483,1.00551,1,0.839975,3.231919,8.474176,27.209876,3.210917,304.506483,448.486592,1301256.641,440.374147,707199.7087,303.605334,1.005492,1.023834,0.839577,3.49791,27.209876,94.999994,3.491379,303.605334,459.840842,1417491.982,456.404195,777506.6527,306.697968,TRUE,Success,0.950278,1.023834
8.9,0.861359,5081007.877,,,Success,0.877885,0.948009,0.833964,2.774595,1.01325,2.657222,2.622475,298,418.442872,1081481.96,409.005926,571987.3537,303.346516,1.003929,1,0.839987,3.233259,2.657222,8.41512,3.166886,303.346516,446.427465,1286707.146,435.206196,684729.372,304.477951,1.006862,1,0.839961,3.230757,8.41512,27.009997,3.209698,304.477951,448.391908,1293384.735,440.288503,706826.6039,303.574297,1.007222,1.026283,0.839525,3.52377,27.009997,94.999993,3.517216,303.574297,460.882264,1419434.036,457.416381,781980.2739,306.696866,TRUE,Success,0.948009,1.026283
8.85,0.861385,5053443.464,,,Success,0.872953,0.945726,0.833425,2.755258,1.01325,2.639356,2.604842,298,417.575117,1067607.726,408.224754,568651.6735,303.295693,1.004962,1,0.83998,3.232386,2.639356,8.355873,3.165876,303.295693,446.315224,1278920.697,435.119463,684352.9925,304.449337,1.008257,1,0.839944,3.229543,8.355873,26.809199,3.208426,304.449337,448.295363,1285503.729,440.201065,706445.7103,303.543155,1.009014,1.028786,0.839469,3.550136,26.809199,94.999993,3.54356,303.543155,461.939271,1421411.312,458.443277,786523.4241,306.695099,TRUE,Success,0.945726,1.028786
8.8,0.861409,5025954.958,,,Success,0.868021,0.943434,0.83286,2.735931,1.01325,2.62149,2.587209,298,416.705728,1053808.017,407.441801,565309.6836,303.244899,1.00601,1,0.83997,3.231491,2.62149,8.296601,3.164842,303.244899,446.202399,1271135.103,435.032221,683974.4276,304.420671,1.009676,1,0.839923,3.228292,8.296601,26.608158,3.207116,304.420671,448.197688,1277620.206,440.112561,706060.2049,303.511964,1.010842,1.031334,0.839407,3.576934,26.608158,94.999993,3.570333,303.511964,463.008641,1423391.632,459.481772,791122.5864,306.692597,TRUE,Success,0.943434,1.031334
8.75,0.861429,4998545.748,,,Success,0.863089,0.941129,0.832266,2.716582,1.01325,2.603592,2.569546,298,415.833041,1040068.299,406.655537,561954.8524,303.194073,1.007086,1,0.839958,3.230563,2.603592,8.237172,3.163772,303.194073,446.088443,1263346.132,434.943961,683591.4708,304.391927,1.011135,1,0.839898,3.226989,8.237172,26.406324,3.205751,304.391927,448.098211,1269728.532,440.022326,705667.1819,303.480678,1.012728,1.033937,0.839342,3.604249,26.406324,95,3.597623,303.480678,464.093609,1425402.786,460.534945,795791.6374,306.689361,TRUE,Success,0.941129,1.033937
8.7,0.861411,4970563.927,,,Success,0.858157,0.939547,0.831531,2.70453,1.01325,2.593078,2.559169,298,415.337391,1029748.724,406.216038,560080.1522,303.157608,1.005331,1,0.839976,3.232072,2.593078,8.208422,3.165513,303.157608,446.098076,1256533.346,434.971122,683709.3195,304.368786,1.00884,1,0.839936,3.229032,8.208422,26.331716,3.20789,304.368786,448.147073,1263111.251,440.079263,705915.1685,303.459938,1.00976,1.034845,0.839176,3.614403,26.331716,95,3.607817,303.459938,464.507284,1421170.607,460.906741,797441.1184,306.617851,TRUE,Success,0.939547,1.034845
,,,,,,,,,,,,,,,,,,,,,,,,,,,,,,,,,,,,,,,,,,,,,,,,,,,,,,,,,,,,,
8.66,0.861369,4948031.8,,,Success,0.854212,0.938614,0.830859,2.698209,1.01325,2.588024,2.554181,298,415.116438,1023073.27,406.025974,559269.5526,303.135098,1.002626,1,0.839994,3.234348,2.588024,8.199241,3.168147,303.135098,446.162096,1251518.599,435.045467,684031.904,304.352773,1.005299,1,0.839977,3.232099,8.199241,26.328627,3.211105,304.352773,448.25235,1258375.208,440.190507,706399.7229,303.447995,1.005215,1.034819,0.838966,3.614767,26.328627,95,3.60824,303.447995,464.542288,1415064.723,460.906741,797441.1184,306.536024,TRUE,Success,0.938614,1.034819
8.62,0.861342,4925618.114,,,Success,0.850266,0.937752,0.830141,2.692576,1.01325,2.583662,2.549876,298,414.93535,1016764.777,405.872589,558615.4338,303.114094,0.999645,1,0.84,3.236787,2.583662,8.192739,3.170979,303.114094,446.237497,1246583.815,435.130481,684400.8034,304.337208,1.001424,1,0.839998,3.235339,8.192739,26.33562,3.214507,304.337208,448.369288,1253728.338,440.313373,706934.9457,303.436826,1.000288,1.034675,0.838705,3.613745,26.33562,94.999999,3.607282,303.436826,464.531324,1408541.185,460.906741,797441.1184,306.522914,TRUE,Success,0.937752,1.034675
,,,,,,,,,,,,,,,,,,,,,,,,,,,,,,,,,,,,,,,,,,,,,,,,,,,,,,,,,,,,,
8.54,0.861283,4881286.929,,,Success,0.842375,0.936203,0.828565,2.683007,1.01325,2.576638,2.542944,298,414.675707,1005081.248,405.6602,557709.7723,303.075915,0.993005,1,0.839958,3.241962,2.576638,8.186045,3.177026,303.075915,446.415685,1236896.47,435.326211,685250.2201,304.307096,0.992893,1,0.839957,3.242046,8.186045,26.371899,3.221568,304.307096,448.628856,1244618.948,440.584766,708117.3584,303.416141,0.989608,1.034143,0.838006,3.608646,26.371899,94.999997,3.602319,303.416141,464.418911,1394690.264,460.906741,797441.1181,306.633545,TRUE,Success,0.936203,1.034143
8.5,0.861188,4859427.038,,,Success,0.83843,0.935429,0.82772,2.678193,1.01325,2.573086,2.539439,298,414.551568,999304.4646,405.559236,557279.277,303.057019,0.989687,1,0.839909,3.244414,2.573086,8.182186,3.179911,303.057019,446.503842,1232030.029,435.423266,685671.4552,304.291881,0.988683,1,0.83989,3.245138,8.182186,26.386185,3.224833,304.291881,448.754406,1240011.997,440.71632,708690.6088,303.405392,0.984422,1.033961,0.837583,3.606629,26.386185,94.999994,3.600369,303.405392,464.397099,1388080.547,460.897616,797400.6278,306.622367,TRUE,Success,0.935429,1.033961
8.46,0.861069,4837770.94,,,Success,0.834484,0.934659,0.826835,2.673407,1.01325,2.569557,2.535956,298,414.433947,993593.834,405.464275,556874.3988,303.03835,0.986352,1,0.839839,3.246789,2.569557,8.178182,3.18272,303.03835,446.592276,1227155.457,435.52062,686094.0203,304.276599,0.984488,1,0.839791,3.248078,8.178182,26.398716,3.227944,304.276599,448.878301,1235380.418,440.846259,709256.878,303.394443,0.979307,1.033824,0.837109,3.604855,26.398716,94.999998,3.59866,303.394443,464.394137,1381641.231,460.906418,797439.6828,306.611079,TRUE,Success,0.934659,1.033824
8.42,0.860922,4816332.738,,,Success,0.830539,0.933932,0.825899,2.669016,1.01325,2.566421,2.532861,298,414.342684,988118.1653,405.393598,556573.069,303.020644,0.98286,1,0.839745,3.24918,2.566421,8.175499,3.185564,303.020644,446.68701,1222318.234,435.623898,686542.3341,304.261517,0.98013,1,0.839655,3.25098,8.175499,26.415237,3.231024,304.261517,449.007283,1230780.194,440.981271,709845.3167,303.383766,0.97405,1.033655,0.83657,3.602538,26.415237,95,3.596409,303.383766,464.38126,1375116.144,460.905747,797436.7053,306.599682,TRUE,Success,0.933932,1.033655
8.38,0.860743,4795124.39,,,Success,0.826593,0.93323,0.824915,2.664847,1.01325,2.563505,2.529983,298,414.269013,982799.6675,405.339138,556340.8845,303.003566,0.979276,1,0.839624,3.251531,2.563505,8.173422,3.188378,303.003566,446.785275,1217496.882,435.730515,687005.1711,304.246507,0.975698,1,0.839479,3.253774,8.173422,26.432837,3.233999,304.246507,449.138203,1226184.895,441.118218,710442.2508,303.373128,0.96876,1.033494,0.835968,3.600077,26.432837,94.999999,3.594015,303.373128,464.373989,1368642.946,460.906741,797441.1184,306.582256,TRUE,Success,0.93323,1.033494
8.34,0.860535,4774173.752,,,Success,0.822647,0.932578,0.823875,2.661128,1.01325,2.561038,2.527548,298,414.225625,977743.635,405.312591,556227.7113,302.987578,0.975514,1,0.839471,3.253886,2.561038,8.172829,3.191217,302.987578,446.89078,1212718.73,435.843932,687497.5735,304.231728,0.971088,1,0.839255,3.256512,8.172829,26.454818,3.236923,304.231728,449.275063,1221627.165,441.261064,711064.9682,303.362798,0.963318,1.033298,0.835289,3.597023,26.454818,95,3.591028,303.362798,464.356663,1362084.222,460.90559,797436.0085,306.576825,TRUE,Success,0.932578,1.033298
8.3,0.860291,4753489.804,,,Success,0.818702,0.931957,0.822781,2.65768,1.01325,2.558839,2.525378,298,414.203326,972868.9258,405.305499,556197.4743,302.972332,0.971645,1,0.839285,3.25619,2.558839,8.172977,3.194017,302.972332,447.000689,1207961.966,435.961501,688008.041,304.217051,0.966389,1,0.838984,3.259125,8.172977,26.478198,3.239725,304.217051,449.414705,1217080.652,441.406656,711699.7303,303.352538,0.957835,1.033108,0.834538,3.593784,26.478198,95,3.587857,303.352538,464.34503,1355578.26,460.906188,797438.6619,306.565366,TRUE,Success,0.931957,1.033108
8.26,0.860007,4733093.733,,,Success,0.814756,0.931374,0.821629,2.654558,1.01325,2.556965,2.523529,298,414.205617,968202.3219,405.321092,556263.9524,302.957948,0.967648,1,0.839061,3.258442,2.556965,8.174056,3.19678,302.957948,447.115984,1203233.425,436.084134,688540.5478,304.202512,0.961582,1,0.838659,3.261614,8.174056,26.503612,3.242407,304.202512,449.558158,1212553.474,441.555999,712350.9211,303.342403,0.952289,1.032917,0.833707,3.590275,26.503612,94.999999,3.584417,303.342403,464.336788,1349104.512,460.906741,797441.1184,306.548497,TRUE,Success,0.931374,1.032917
,,,,,,,,,,,,,,,,,,,,,,,,,,,,,,,,,,,,,,,,,,,,,,,,,,,,,,,,,,,,,
8.18,0.859274,4693062.107,,,Success,0.806865,0.930188,0.819178,2.648036,1.01325,2.552916,2.519533,298,414.216149,958918.2135,405.357845,556420.6421,302.929259,0.959751,1,0.838523,3.262513,2.552916,8.174063,3.201853,302.929259,447.343187,1193716.362,436.326328,689592.3559,304.17298,0.952222,1,0.837885,3.265923,8.174063,26.541902,3.247088,304.17298,449.836034,1203390.953,441.845539,713613.6387,303.321013,0.941672,1.032783,0.831868,3.584974,26.541902,94.999994,3.579246,303.321013,464.422124,1337036.578,460.906741,797441.1184,306.356831,TRUE,Success,0.930188,1.032783
